del_t,h,Ta,Ts,SR,WD,del_t*h,del_t*Ta,del_t*Tf,del_t*Ts,del_t*SR,del_t*Pr,del_t*WD,del_t*WS,del_t*RH,h*Ta,h*Tf,h*Ts,h*SR,h*Pr,h*WD,h*WS,Ta*Ts,Ta*SR,Ta*Pr,Ta*WD,Tf*SR,Tf*WD,Tf*RH,Ts*SR,Ts*Pr,Ts*WD,SR*Pr,SR*WD,SR*RH,Pr*WD,WD*RH,WS*RH,CH4 µmol/m^2/sec,CH4 mg/m^2/h,
24480,-5.8464,29.36,29.92,765.6237,67.45,-143119.785,718802.813,772759.67,732453.35,18742468.18,2462967.274,1651113.821,104444.899,1440400.456,-171.667,-184.553,-174.927,-4476.14,-588.214,-394.325,-24.944,878.551,22480.902,2954.239,1980.45,24168.428,2129.113,1857.398,22907.829,3010.342,2018.06,77030.479,51639.374,45049.213,6785.984,3968.601,0.648,0.00960216,0.554,
24510,-6.0114,29.34,30.44,515.9075,64.53,-147339.327,719005.262,783043.764,746038.321,12644892.83,2465158.602,1581749.909,92170.664,1441681.821,-176.345,-192.052,-182.976,-3101.325,-604.612,-387.945,-22.606,892.908,15134.239,2950.464,1893.142,16482.177,2061.756,1879.182,15703.254,3061.395,1964.32,51888.772,33294.029,30345.755,6490.768,3795.951,0.989,0.015318,0.885,
24540,-6.1855,29.62,30.4,672.6833,60.12,-151792.634,726977.623,775688.05,746137.228,16507648.18,2467593.282,1475252.039,86201.118,1406108.193,-183.241,-195.519,-188.07,-4160.895,-621.978,-371.85,-21.728,900.722,19927.698,2978.829,1780.894,21262.934,1900.221,1811.16,20452.895,3057.336,1827.83,67640.945,40439.177,38543.826,6044.922,3444.577,0.913,0.0151792,0.877,
24570,-6.3596,29.73,30.71,557.8975,65.42,-156256.388,730584.282,787119.852,754568.042,13707541.58,2470506.757,1607459.818,86332.076,1465193.139,-189.103,-203.736,-195.311,-3548.028,-639.46,-416.071,-22.346,913.184,16588.976,2989.827,1945.361,17872.698,2095.901,1910.405,17133.562,3087.978,2009.223,56096.441,36499.708,33269.336,6578.333,3901.438,0.952,0.0145561,0.841,
24600,-6.5338,29.35,30.82,445.9221,65.37,-160730.59,722073.714,778318.17,758287.62,10969683.66,2473789.233,1608023.034,91327.598,1510700.672,-191.783,-206.721,-201.401,-2913.55,-657.039,-427.091,-24.257,904.785,13088.969,2951.712,1918.685,14108.507,2068.137,1942.967,13745.415,3099.748,2014.912,44842.166,29148.496,27384.342,6573.32,4014.214,0.734,0.0112357,0.649,
24630,-6.7079,29.08,30.61,316.7922,48.06,-165215.239,716243.602,766645.695,753843.76,7802591.886,2477298.316,1183769.523,71209.148,1572254.284,-195.066,-208.793,-205.306,-2125.006,-674.683,-322.395,-19.394,890.048,9212.358,2924.895,1397.652,9860.632,1496.005,1986.958,9695.973,3078.441,1471.024,31863.126,15225.698,20222.407,4834.111,3068.041,1.164,0.0242228,1.399,
24660,-6.842,28.34,30.3,191.3341,37.78,-168723.935,698781.789,740696.144,747090.236,4718298.906,2480813.377,931652.827,82016.62,1641423.451,-193.88,-205.509,-207.283,-1309.11,-688.311,-258.491,-22.756,858.477,5421.767,2850.687,1070.556,5746.976,1134.771,1999.284,5796.587,3047.762,1144.566,19248.345,7228.587,12735.616,3800.687,2514.714,0.147,0.00389129,0.225,
24690,-6.8094,27.56,29.6,67.6119,51.03,-168122.991,680398.132,704595.566,730890.663,1669336.577,2484513.744,1260025.51,76390.07,1704827.998,-187.65,-194.323,-201.575,-460.393,-685.214,-347.508,-21.068,815.781,1863.223,2773.08,1406.372,1929.486,1456.388,1970.508,2001.493,2978.871,1510.739,6803.668,3450.492,4668.553,5135.451,3523.853,0.669,0.0131017,0.757,
24720,-6.8453,26.79,28.95,7.6917,44.11,-169215.174,662227.788,682376.071,715749.802,190139.739,2488575.014,1090361.131,55656.462,1786602.753,-183.379,-188.958,-198.2,-52.652,-689.117,-301.934,-15.412,775.661,206.055,2696.877,1181.628,212.324,1217.579,1995.055,222.709,2914.842,1277.129,774.331,339.271,555.909,4440.421,3187.876,1.477,0.0334879,1.934,
24750,-6.9724,26.26,28.28,0,29.21,-172567.318,649974.848,664777.823,700028.01,0,2492361.726,722945.768,36556.542,1839041.709,-183.107,-187.277,-197.208,0,-702.133,-203.664,-10.298,742.782,0,2644.583,767.1,0,784.57,1995.803,0,2848.237,826.172,0,0,0,2941.483,2170.436,0.846,0.0289704,1.673,
24780,-7.02,26.01,27.72,0,12.55,-173954.804,644635.593,650299.31,686916.716,0,2496087.064,310888.145,44223.354,1860698.446,-182.62,-184.224,-194.598,0,-707.121,-88.072,-12.528,721.134,0,2620.423,326.374,0,329.242,1970.546,0,2792.294,347.781,0,0,0,1263.75,942.058,0.427,0.0340652,1.967,
24810,-7.0423,25.67,27.24,0,358.35,-174719.831,636901.48,640446.332,675828.866,0,2499929.49,8890611.399,28012.698,1910505.607,-180.784,-181.791,-191.834,0,-709.605,-2523.599,-7.951,699.287,0,2586.703,9199.206,0,9250.407,1987.822,0,2744.802,9761.461,0,0,0,36108.202,27594.747,17.882,0.049901,2.881,
24840,-7.2007,25.38,26.96,0,336.77,-178864.945,630372.877,633438.63,669592.008,0,2503830.005,8365401.576,24533.012,1940353.506,-182.734,-183.623,-194.103,0,-725.817,-2424.984,-7.112,684.076,0,2557.992,8546.359,0,8587.923,1991.967,0,2717.139,9078.077,0,0,0,33945.988,26306.585,13.323,0.0395623,2.284,
24870,-7.2739,24.98,26.69,0,311.73,-180903.074,621296.62,627411.656,663869.583,0,2507334.139,7752648.003,31886.573,1987352.488,-181.716,-183.505,-194.168,0,-733.342,-2267.485,-9.326,666.853,0,2518.603,7787.49,0,7864.137,2015.932,0,2691.184,8321.11,0,0,0,31427.563,24909.981,17.878,0.0573516,3.312,
24900,-7.2803,25.1,26.42,0,338.52,-181278.823,624972.321,621736.068,657810.939,0,2510711.863,8429095.71,37593.522,1983066.273,-182.73,-181.783,-192.331,0,-734.083,-2464.503,-10.992,663.076,0,2530.807,8496.559,0,8452.562,1988.587,0,2663.786,8943.003,0,0,0,34133.37,26959.977,18.124,0.0535385,3.092,
24930,-7.3121,25.15,26.16,0,324.77,-182290.921,626879.06,617641.498,652129.411,0,2514164.522,8096580.918,32334.285,1971947.921,-183.867,-181.158,-191.273,0,-737.419,-2374.773,-9.484,657.768,0,2535.905,8166.592,0,8046.251,1959.69,0,2638.049,8495.538,0,0,0,32752.978,25689.316,13.283,0.040898,2.362,
24960,-7.4144,24.61,25.98,0,311.94,-185062.317,614257.862,615130.214,648389.914,0,2517236.878,7785922.56,36421.158,2044865.486,-182.465,-182.724,-192.604,0,-747.744,-2312.804,-10.819,639.29,0,2481.908,7676.648,0,7687.55,2019.029,0,2619.818,8103.211,0,0,0,31459.007,25555.575,19.642,0.0629695,3.636,
24990,-7.48,24.62,25.75,0,315.2,-186924.398,615185.078,611463.817,643605.455,0,2519858.273,7876887.984,41872.944,2070482.668,-184.136,-183.022,-192.643,0,-754.24,-2357.698,-12.533,634.005,0,2482.272,7759.397,0,7712.46,2027.262,0,2596.948,8117.866,0,0,0,31783.248,26115.224,13.01,0.0412745,2.383,
25020,-7.5736,24.59,25.67,0,318.72,-189492.507,615258.814,611474.288,642297.928,0,2522329.85,7974286.83,42182.369,2079809.771,-186.241,-185.095,-194.426,0,-763.518,-2413.844,-12.769,631.277,0,2479.049,7837.455,0,7789.246,2031.549,0,2587.997,8181.892,0,0,0,32130.621,26493.593,11.248,0.03529,2.038,
25050,-7.6842,24.39,25.49,0,309.66,-192487.997,610996.805,608070.714,638558.318,0,2525210.567,7756857.75,34690.668,2104776.37,-187.425,-186.527,-195.879,0,-774.615,-2379.436,-10.641,621.762,0,2458.788,7552.823,0,7516.652,2039.598,0,2569.702,7893.524,0,0,0,31215.332,26018.145,8.997,0.0290548,1.678,
25080,-7.7426,24.41,25.34,0,306.67,-194184.934,612303.12,605779.812,635632.034,0,2528060.009,7691291.124,37749.814,2105584.299,-189.028,-187.014,-196.23,0,-780.455,-2374.432,-11.654,618.753,0,2460.927,7487.049,0,7407.284,2027.834,0,2554.689,7772.307,0,0,0,30912.317,25746.418,29.745,0.0969936,5.601,
25110,-7.9067,24.72,25.2,0,316.38,-198537.302,620725.226,604523.501,632814.687,0,2530553.413,7944191.316,39780.693,2068474.484,-195.456,-190.354,-199.262,0,-796.827,-2501.488,-12.526,622.992,0,2491.274,7820.881,0,7616.746,1983.216,0,2539.795,7973.203,0,0,0,31883.925,26061.922,13.506,0.0426888,2.465,
25140,-7.8703,24.56,25.11,0,328.72,-197858.689,617457.758,603926.404,631365.96,0,2532791.185,8264091.192,29376.744,2091189.365,-193.3,-189.064,-197.654,0,-792.91,-2587.139,-9.197,616.819,0,2474.435,8073.685,0,7896.753,1998.236,0,2530.172,8255.544,0,0,0,33117.988,27343.74,4.359,0.0132607,0.766,
25170,-7.844,23.99,25.04,0,301.33,-197434.727,603843.402,602941.058,630165.685,0,2534542.243,7584455.964,30126.879,2145731.717,-188.183,-187.902,-196.387,0,-789.872,-2363.641,-9.389,600.638,0,2415.78,7229.068,0,7218.266,2042.132,0,2521.087,7544.192,0,0,0,30342.932,25688.185,23.677,0.0785739,4.537,
25200,-7.9847,24.45,24.92,0,311.34,-201213.477,616255.668,600687.108,628070.94,0,2536926.704,7845745.32,27079.92,2114715.061,-195.262,-190.329,-199.005,0,-803.829,-2485.937,-8.58,609.493,0,2461.885,7613.67,0,7421.325,2000.318,0,2509.086,7759.644,0,0,0,31343.035,26126.726,19.901,0.063921,3.691,
25230,-8.0782,24.3,24.98,0,314.95,-203813.824,613135.676,601315.168,630120.259,0,2539657.467,7946062.35,26177.942,2109946.812,-196.316,-192.531,-201.754,0,-813.157,-2544.199,-8.382,606.94,0,2446.23,7653.746,0,7506.191,1993.146,0,2513.993,7865.764,0,0,0,31702.434,26338.375,4.044,0.0128416,0.742,
25260,-8.1185,23.7,24.78,0,266.14,-205074.303,598693.322,598043.635,625895.564,0,2542223.251,6722706.504,16195.674,2168201.151,-192.419,-192.211,-201.162,0,-817.068,-2160.671,-5.205,587.272,0,2385.346,6307.857,0,6301.012,2032.197,0,2493.727,6594.461,0,0,0,26784.969,22844.257,10.127,0.0380518,2.197,
25290,-8.0888,23.95,24.64,0,314.33,-204566.901,605630.252,595506.159,623271.797,0,2545411.258,7949494.215,29090.986,2147337.133,-193.707,-190.469,-199.35,0,-814.134,-2542.595,-9.305,590.184,0,2410.282,7527.476,0,7401.642,1999.35,0,2480.492,7746.746,0,0,0,31637.328,26689.601,22.398,0.0712547,4.115,
25320,-8.1956,23.23,24.56,0,325.13,-207512.089,588199.298,594311.293,621884.014,0,2548984.675,8232408.072,20031.632,2220092.03,-190.388,-192.367,-201.291,0,-825.056,-2664.667,-6.484,570.567,0,2338.645,7553.078,0,7631.563,2058.058,0,2472.574,7985.624,0,0,0,32731.561,28508.244,2.35,0.0072271,0.417,
25350,-8.2529,23.06,24.44,0,307.93,-209211.701,584625.249,590954.891,619523.327,0,2552575.915,7806058.455,23633.873,2242121.603,-190.33,-192.391,-201.692,0,-831.015,-2541.335,-7.694,563.611,0,2322.204,7101.555,0,7178.442,2061.852,0,2460.823,7525.468,0,0,0,31006.628,27235.48,12.982,0.0421583,2.434,
25380,-8.2893,23.01,24.31,0,301.03,-210381.257,583907.508,589612.932,617070.031,0,2556423.541,7640136.324,19599.944,2256841.651,-190.708,-192.571,-201.539,0,-834.943,-2495.312,-6.401,559.365,0,2317.361,6925.672,0,6993.344,2065.784,0,2448.973,7319.01,0,0,0,30321.5,26768.187,10.009,0.0332496,1.92,
25410,-8.3436,23.48,24.28,0,311.47,-212011.927,596631.12,588737.757,617017.817,0,2560632.867,7914569.586,20809.896,2237636.701,-195.91,-193.318,-202.604,0,-840.811,-2598.832,-6.833,570.157,0,2366.159,7313.477,0,7216.72,2040.338,0,2447.01,7563.376,0,0,0,31388.119,27428.847,2.572,0.00825695,0.477,
25440,-8.4351,23.53,24.14,0,288.82,-214588.179,598671.634,588304.325,614129.995,0,2564494.802,7347583.344,21008.706,2229421.525,-198.5,-195.062,-203.625,0,-850.302,-2436.218,-6.966,568.087,0,2372.227,6796.714,0,6679.014,2026.563,0,2433.481,6972.213,0,0,0,29114.687,25310.603,2.632,0.00911136,0.526,
25470,-8.4566,23.83,24.13,0,310.23,-215389.616,606990.852,592500.46,614561.555,0,2568322.448,7901575.929,14972.152,2236173.736,-201.534,-196.723,-204.048,0,-852.74,-2623.497,-4.971,575.029,0,2403.111,7393.294,0,7216.798,2042.379,0,2433.084,7485.507,0,0,0,31282.783,27237.132,-3.476,-0.0112056,-0.647,
25500,-8.5848,24.04,24.14,14.3896,49.93,-218911.477,612987.105,602131.5,615455.505,366935.31,2572132.52,1273212.45,12936.023,2231234.38,-206.367,-202.712,-207.198,-123.531,-865.927,-428.636,-4.355,580.187,345.908,2424.735,1200.25,339.782,1178.995,2066.123,347.301,2434.499,1205.084,1451.451,718.472,1259.083,5036.326,4368.836,0.187,0.0037525,0.217,
25530,-8.5167,24.18,24.27,24.8195,143.38,-217431.417,617322.548,613318.934,619668.5,633640.559,2575965.822,3660506.718,12127.595,2264210.445,-205.936,-204.601,-206.719,-211.38,-859.332,-1221.13,-4.046,586.908,600.141,2439.78,3466.983,596.249,3444.498,2130.598,602.422,2449.051,3480.158,2504.272,3558.628,2201.193,14467.04,12716.171,-0.021,-0.000145824,-0.008,
25560,-8.4458,24.43,24.53,80.2226,157.12,-215874.245,624432.589,626524.675,626934.913,2050489.145,2579738.712,4015892.628,21920.407,2272442.831,-206.331,-207.022,-207.158,-677.543,-852.422,-1326.97,-7.243,599.22,1959.843,2465.696,3838.362,1966.409,3851.222,2179.262,1967.697,2475.577,3853.744,8096.764,12604.275,7132.286,15857.551,13968.615,3.819,0.0243077,1.404,
25590,-8.6783,26.16,25.01,331.6921,2.15,-222078.599,669312.848,685985.244,640103.142,8488000.839,2583918.91,54923.843,20935.123,2088406.64,-226.984,-232.638,-217.078,-2878.535,-876.284,-18.626,-7.1,654.242,8675.49,2640.994,56.137,8891.594,57.535,2187.708,8296.88,2525.738,53.687,33492.204,711.911,27069.48,216.72,175.16,0.012,0.00567853,0.328,
25620,-8.6881,25.95,25.91,154.6816,28.5,-222589.92,664805.182,701458.178,663741.952,3962942.592,2587554.357,730248.141,40081.645,2080262.519,-225.446,-237.875,-225.085,-1343.894,-877.479,-247.638,-13.592,672.257,4013.783,2620.75,739.617,4235.077,780.394,2223.114,4007.364,2616.559,738.434,15622.445,4408.897,12559.654,2878.735,2314.357,3.273,0.114838,6.631,
25650,-8.0624,25.4,26.13,169.3744,2.76,-206800.993,651443.823,698048.078,670269.384,4344453.36,2590317.867,70889.751,41994.231,2168787.76,-204.765,-219.413,-210.682,-1365.567,-814.2,-22.282,-13.2,663.669,4301.673,2564.811,70.192,4609.414,75.213,2301.058,4425.983,2638.929,72.22,17104.621,468.106,14321.136,279.101,233.682,0.12,0.0433352,2.502,
25680,-8.2948,25.86,26.38,315.8293,335.93,-213009.535,664010.585,708332.981,677333.112,8110496.424,2592554.407,8626741.464,42069.849,2103825.658,-214.479,-228.795,-218.782,-2619.729,-837.408,-2786.479,-13.589,682.005,8166.433,2610.435,8686.238,8711.539,9266.041,2259.733,8330.282,2662.81,8860.517,31884.916,106097.263,25874.213,33914.438,27521.145,11.135,0.0331463,1.914,
25710,-7.6949,27.14,26.71,488.0995,4.23,-197835.001,697714.381,754723.22,686683.248,12549038.15,2594925.44,108803.794,40388.636,1924226.804,-208.822,-225.885,-205.521,-3755.86,-776.647,-32.564,-12.088,724.82,13245.976,2739.04,114.846,14328.278,124.23,2197.049,13036.552,2695.735,113.031,49264.17,2065.62,36531.083,427.135,316.735,0.184,0.0434569,2.509,
25740,-5.7307,27.24,27.72,425.432,4.72,-147507.759,701164.55,792996.89,713523.611,10950619.68,2597823.84,121373.444,59285.732,1928281.828,-156.105,-176.551,-158.857,-2438.016,-578.372,-27.022,-13.199,755.112,11588.883,2749.239,128.448,13106.692,145.271,2307.942,11793.154,2797.699,130.712,42936.962,2006.066,31870.738,475.901,353.246,0.313,0.0662795,3.827,
25770,-5.6251,26.34,28.36,238.7769,1.23,-144958.052,678904.208,766068.398,730910.645,6153280.713,2599714.115,31581.779,61958.167,2067789.486,-148.191,-167.217,-159.543,-1343.137,-567.465,-6.894,-13.524,747.212,6290.518,2657.696,32.286,7098.154,36.431,2385.311,6772.393,2861.284,34.759,24088.152,292.627,19159.502,123.633,98.336,0.064,0.0519844,3.002,
25800,-5.6104,26.57,28.07,301.7747,341.14,-144747.702,685451.304,761894.898,724177.362,7785787.26,2601176.547,8801344.92,45300.208,2057098.787,-149.056,-165.679,-157.477,-1693.07,-565.643,-1913.909,-9.851,745.731,8017.514,2678.595,9063.298,8911.651,10074.064,2354.566,8470.481,2829.928,9575.348,30425.166,102946.637,24061.255,34393.744,27199.742,45.412,0.133118,7.687,
25830,-4.5218,27.5,28.1,517.6166,339.68,-116798.214,710289.355,790835.044,725885.509,13370036.78,2602859.299,8774011.89,44141.223,1946662.724,-124.343,-138.444,-127.074,-2340.561,-455.657,-1535.98,-7.727,772.778,14233.742,2771.004,9340.814,15847.826,10400.047,2307.426,14546.279,2831.848,9545.914,52159.628,175825.56,39009.87,34229.464,25600.009,25.254,0.074345,4.293,
25860,-4.5837,27.83,28.71,509.2331,349.67,-118535.604,719754.656,797424.132,742313.369,13168767.97,2603922.77,9042445.512,71992.197,1885786.983,-127.578,-141.345,-131.577,-2334.194,-461.551,-1602.794,-12.761,798.941,14173.352,2802.564,9732.252,15702.814,10782.469,2248.666,14617.577,2890.403,10037.282,51276.244,178063.131,37134.77,35209.265,25498.903,20.926,0.0598459,3.456,
25890,-4.6373,28.92,29.17,839.6987,348.24,-120060.081,748823.46,860961.076,755271.106,21739799.34,2605334.303,9015830.04,51978.162,1801638.119,-134.126,-154.212,-135.281,-3893.947,-466.657,-1614.88,-9.31,843.759,24286.832,2910.575,10072.124,27923.828,11580.442,2314.126,24495.951,2935.636,10158.849,84499.646,292413.316,58433.109,35043.306,24233.111,3.132,0.00899398,0.519,
25920,-4.3752,29.64,30.16,822.4432,29.88,-113404.458,768157.603,895354.301,781714.282,21317727.74,2606936.926,774484.157,50913.438,1761682.6,-129.661,-151.132,-131.95,-3598.33,-440.038,-130.729,-8.594,893.775,24373.688,2980.649,885.509,28409.647,1032.137,2347.754,24803.842,3033.253,901.137,82718.27,24574.43,55898.298,3005.198,2030.814,0.308,0.0102982,0.595,
25950,-4.278,29.79,31.23,725.3813,42.17,-111014.856,773037.785,905804.732,810390.215,18823644.74,2609325.043,1094382.603,63229.485,1722657.733,-127.44,-149.328,-133.598,-3103.202,-430.164,-180.416,-10.424,930.294,21608.753,2995.396,1256.305,25319.993,1472.072,2317.175,22652.867,3140.13,1317.009,72938.558,30591.317,48153.515,4240.554,2799.584,0.972,0.0230567,1.331,
25980,-4.2816,29.39,31.71,464.0247,29.71,-111235.982,763446.981,877966.821,823933.097,12055361.71,2612054.217,771782.404,80625.423,1707138.844,-125.819,-144.692,-135.787,-1986.768,-430.476,-127.193,-13.287,931.95,13635.807,2954.492,872.962,15681.228,1003.91,2220.591,14716.14,3188.569,942.125,46653.49,13784.684,30490.939,2986.749,1952.025,0.302,0.010156,0.586,
26010,-4.399,29.76,31.21,558.006,43.91,-114419.278,774025.088,864693.867,811847.009,14513736.06,2614665.127,1142032.775,63099.22,1671876.572,-130.91,-146.245,-137.307,-2454.696,-442.216,-193.151,-10.672,928.856,16605.561,2991.51,1306.631,18550.725,1459.689,2136.908,17416.974,3137.687,1370.478,56093.765,24500.621,35867.634,4413.813,2822.293,0.609,0.0138796,0.801,
26040,-4.3936,29.78,31.22,445.2165,39.83,-114410.421,775368.602,858515.364,812960.467,11593437.66,2617661.676,1037248.716,69821.208,1628191.741,-130.825,-144.854,-137.168,-1956.122,-441.669,-175.011,-11.781,929.599,13256.793,2993.228,1186.067,14678.387,1313.255,2061.445,13899.517,3138.347,1243.57,44755.229,17734.264,27837.858,4004.188,2490.614,0.841,0.021109,1.219,
26070,-4.3529,29.64,31.24,334.4568,40.96,-113480.809,772700.983,843139.777,814470.858,8719288.776,2621302.199,1067737.78,66064.561,1660718.559,-129.018,-140.78,-135.993,-1455.866,-437.681,-178.281,-11.031,925.987,9913.122,2980.207,1213.931,10816.794,1324.592,2060.22,10448.996,3141.308,1279.552,33629.166,13698.203,21305.662,4118.126,2609.027,0.074,0.00179993,0.104,
26100,-4.2498,29.25,30.81,211.0667,45.41,-110918.835,763381.674,811183.302,804128.472,5508840.87,2624996.48,1185117.741,61290.082,1694775.967,-124.299,-132.082,-130.933,-896.984,-427.418,-192.968,-9.98,901.127,6173.351,2941.639,1328.074,6559.915,1411.235,2018.135,6502.864,3098.654,1398.962,21227.944,9583.866,13705.394,4566.771,2948.443,0.418,0.00920457,0.532,
26130,-4.2249,28.4,30.2,75.931,47.73,-110395.745,742139.818,773542.329,789121.035,1984076.507,2628725.568,1247294.907,65606.76,1794195.179,-119.994,-125.071,-127.59,-320.798,-425.029,-201.671,-10.608,857.73,2156.579,2857.276,1355.739,2247.831,1413.105,2032.708,2293.101,3038.156,1441.564,7638.795,3624.505,5213.739,4802.148,3277.631,0.24,0.00502157,0.29,
26160,-4.061,27.31,29.62,8.4789,42.55,-106235.454,714505.202,747456.862,774742.265,221808.678,2632737.044,1113161.89,61392.445,1921816.484,-110.917,-116.033,-120.268,-34.433,-408.697,-172.803,-9.53,808.886,231.584,2748.764,1162.22,242.264,1215.819,2099.049,251.108,2980.501,1260.202,853.317,360.796,622.895,4282.431,3126.042,-0.948,-0.0222901,-1.287,
26190,-3.9945,26.75,28.88,0,26.24,-104614.847,700564.429,723623.676,756358.034,0,2637341.041,687245.243,47658.493,1948691.565,-106.849,-110.366,-115.359,0,-402.243,-104.818,-7.269,772.511,0,2693.664,701.922,0,725.026,2055.819,0,2908.19,757.824,0,0,0,2642.452,1952.468,2.89,0.110145,6.36,
26220,-3.8565,26.32,28.22,0,332.55,-101117.391,690017.581,705216.266,739978.48,0,2641926.121,8719555.392,44400.24,1990344.675,-101.489,-103.725,-108.838,0,-388.581,-1282.492,-6.53,742.701,0,2651.645,8751.634,0,8944.402,2041.669,0,2843.638,9385.298,0,0,0,33508.087,25243.947,27.78,0.0835362,4.824,
26250,-3.8736,25.66,27.64,0,327.5,-101683.086,673508.588,692972.438,725502.488,0,2646088.619,8596982.625,29883.525,2097482.271,-99.388,-102.26,-107.06,0,-390.476,-1268.633,-4.41,709.126,0,2586.36,8402.927,0,8645.764,2109.384,0,2786.023,9051.621,0,0,0,33013.519,26168.916,-2.63,-0.00802979,-0.464,
26280,-3.7154,25.45,27.32,0,12.31,-97640.083,668741.378,683994.553,717852.391,0,2650458.795,323509.954,25020.26,2119186.346,-94.544,-96.701,-101.488,0,-374.713,-45.737,-3.537,695.093,0,2566.425,313.253,0,320.398,2098.8,0,2754.898,336.258,0,0,0,1241.532,992.673,0.807,0.0655852,3.787,
26310,-3.6975,25.21,26.94,0,321.82,-97281.723,663387.444,675357.704,708854.018,0,2654224.897,8467147.344,24545.196,2122464.057,-93.23,-94.913,-99.62,0,-373.016,-1189.944,-3.449,679.332,0,2543.685,8114.517,0,8260.936,2070.773,0,2718.021,8670.661,0,0,0,32466.326,25961.858,13.671,0.0424813,2.453,
26340,-3.628,25.09,26.65,0,333.14,-95562.287,660843.47,668176.262,701947.83,0,2657706.228,8774912.868,29879.543,2126881.424,-91.024,-92.034,-96.685,0,-366.068,-1208.642,-4.116,668.609,0,2531.477,8358.144,0,8450.887,2048.343,0,2688.935,8878.02,0,0,0,33613.849,26900.141,11.89,0.03569,2.061,
26370,-3.6423,24.26,26.42,0,299.44,-96047.842,639685.57,663045.698,696574.889,0,2660832.329,7896280.266,25920.929,2220954.615,-88.356,-91.582,-96.213,0,-367.523,-1090.661,-3.58,640.788,0,2447.732,7263.883,0,7529.147,2117.692,0,2665.416,7909.884,0,0,0,30214.806,25219.82,12.118,0.0404698,2.337,
26400,-3.7177,24.71,26.22,0,301.35,-98147.887,652473.624,657578.064,692182.392,0,2663973.759,7955716.56,34174.958,2166451.913,-91.883,-92.602,-97.475,0,-375.148,-1120.347,-4.813,648.001,0,2493.935,7447.91,0,7506.176,2044.036,0,2645.712,7901.181,0,0,0,30408.948,24729.794,25.151,0.0834613,4.819,
26430,-3.5753,24.45,25.93,0,317.43,-94494.492,646269.796,653034.29,685379.324,0,2666884.943,8389637.898,24861.337,2186559.462,-87.423,-88.338,-92.714,0,-360.758,-1134.894,-3.363,634.089,0,2467.311,7761.805,0,7843.048,2044.104,0,2616.622,8231.517,0,0,0,32029.722,26260.935,12.469,0.0392807,2.268,
26460,-3.3557,24.59,25.73,0,304.6,-88791.35,650549.529,648664.254,680811.566,0,2669504.354,8059716,25769.51,2147931.75,-82.503,-82.264,-86.341,0,-338.549,-1022.141,-3.268,632.598,0,2480.455,7488.941,0,7467.239,1990.035,0,2595.84,7837.309,0,0,0,30730.575,24726.38,10.66,0.0349981,2.021,
26490,-2.9569,23.69,25.66,0,311.44,-78328.458,627516.577,645553.883,679712.738,0,2672646.346,8250127.719,15928.787,2221246.628,-70.046,-72.059,-75.872,0,-298.33,-920.908,-1.778,607.836,0,2390.027,7377.716,0,7589.781,2043.456,0,2588.827,7991.387,0,0,0,31422.32,26115.211,13.97,0.0448544,2.59,
26520,-2.8248,22.79,25.44,0,305.31,-74912.736,604269.869,639079.756,674758.968,0,2675375.952,8096837.112,13537.344,2302817.938,-64.363,-68.071,-71.872,0,-284.966,-862.43,-1.442,579.739,0,2298.628,6956.636,0,7357.384,2092.51,0,2566.767,7768.14,0,0,0,30800.175,26511.113,-1.865,-0.00610801,-0.353,
26550,-2.872,22.33,25.29,0,196.24,-76251.831,592971.417,634127.9,671514.017,0,2678110.253,5210158.725,18560.481,2346693.644,-64.144,-68.596,-72.64,0,-289.701,-563.602,-2.008,564.885,0,2252.855,4382.84,0,4687.041,2111.078,0,2551.259,4963.374,0,0,0,19794.765,17345.16,4.294,0.0218824,1.264,
26580,-2.821,21.69,24.95,0,214.54,-74981.869,576593.295,626529.938,663155.052,0,2680730.373,5702595.468,13668.667,2380886.727,-61.195,-66.495,-70.382,0,-284.511,-605.228,-1.451,541.221,0,2187.826,4654.062,0,5057.134,2111.4,0,2516.276,5352.759,0,0,0,21637.932,19217.697,6.62,0.030856,1.782,
26610,-2.8785,21.51,24.63,0,179.16,-76597.931,572457.205,619034.55,655309.568,0,2682854.06,4767325.194,22517.709,2400086.872,-61.926,-66.964,-70.888,0,-290.218,-515.706,-2.436,529.785,0,2168.954,3854.145,0,4167.733,2098.225,0,2482.869,4411.96,0,0,0,18062.675,16158.907,3.887,0.0216957,1.253,
26640,-2.825,21.41,24.34,0,193.03,-75257.145,570486.276,613504.548,648365.119,0,2685742.781,5142407.112,21236.079,2401198.387,-60.496,-65.057,-68.754,0,-284.802,-545.313,-2.252,521.19,0,2158.943,4133.741,0,4445.451,2075.761,0,2453.667,4698.05,0,0,0,19460.878,17399.071,3.083,0.0159705,0.922,
26670,-2.8571,21.23,24.08,0,179.33,-76199.144,566087.285,608241.621,642169.861,0,2688719.683,4782683.094,17682.802,2403208.386,-60.644,-65.16,-68.795,0,-288.038,-512.361,-1.894,511.078,0,2139.848,3806.352,0,4089.797,2055.046,0,2427.445,4317.929,0,0,0,18078.862,16159.094,3.269,0.0182292,1.053,
26700,-2.8505,21.04,23.96,0,152.59,-76107.765,561659.064,604882.359,639774.186,0,2691876.654,4074257.13,16300.174,2420797.006,-59.962,-64.577,-68.302,0,-287.383,-434.966,-1.74,504.054,0,2120.828,3209.953,0,3456.98,2054.03,0,2415.791,3656.391,0,0,0,15384.418,13835.163,20.024,0.131227,7.578,
26730,-2.7373,20.77,23.8,0,175.29,-73168.425,555087.209,601588.855,636212.759,0,2695445.546,4685581.89,14132.202,2430622.304,-56.844,-61.606,-65.152,0,-276.03,-479.832,-1.447,494.272,0,2094.083,3640.213,0,3945.167,2046.536,0,2400.131,4172.228,0,0,0,17676.496,15939.808,-5.523,-0.0315083,-1.819,
26760,-2.7782,20.7,23.71,0,73.06,-74345.52,553800.608,598806.914,634519.205,0,2699295.006,1955098.712,10572.065,2446230.63,-57.496,-62.168,-65.876,0,-280.242,-202.979,-1.098,490.711,0,2087.524,1511.993,0,1634.87,2045.559,0,2391.789,1732.372,0,0,0,7369.649,6678.73,10.944,0.149795,8.65,
26790,-2.7128,22.08,23.38,0,350.93,-72676.583,591409.61,594468.493,626254.828,0,2702808.251,9401428.095,20124.452,2403713.809,-59.888,-60.197,-63.416,0,-273.693,-952.013,-2.038,516.053,0,2227.195,7747.057,0,7787.127,1990.977,0,2358.419,8203.506,0,0,0,35404.922,31486.991,-10.917,-0.031108,-1.796,
26820,-2.6297,21.41,23.45,0,127.13,-70527.529,574108.384,597564.619,628797.046,0,2706358.271,3409715.106,17555.042,2391511.93,-56.29,-58.59,-61.653,0,-265.354,-334.318,-1.721,501.865,0,2160.039,2721.413,0,2832.601,1986.735,0,2365.801,2980.65,0,0,0,12828.794,11336.346,1.901,0.0149506,0.863,
26850,-2.5449,20.55,23.37,0,176.25,-68329.648,551795.693,596985.854,627574.985,0,2709864.99,4732444.065,17006.132,2432219.942,-52.3,-56.583,-59.482,0,-256.843,-448.545,-1.612,480.347,0,2074.137,3622.223,0,3918.871,2014.087,0,2358.982,4119.671,0,0,0,17788.714,15966.133,10.682,0.0606042,3.5,
26880,-2.1556,20.45,23.27,0,213.51,-57941.994,549632.563,594352.55,625586.035,0,2713730.852,5739119.232,20018.307,2460092.223,-44.077,-47.663,-50.167,0,-217.621,-460.236,-1.605,475.884,0,2064.337,4365.753,0,4720.966,2023.657,0,2349.607,4969.055,0,0,0,21555.271,19540.61,-1.501,-0.00702792,-0.406,
26910,-1.9072,21.11,23.02,0,221.21,-51323.096,568165.361,591508.71,619530.093,0,2718005.221,5952839.139,21803.941,2473658.229,-40.268,-41.922,-43.908,0,-192.635,-421.9,-1.545,486.082,0,2132.542,4670.587,0,4862.481,2020.568,0,2325.334,5092.83,0,0,0,22343.286,20334.638,13.795,0.0623627,3.601,
26940,-1.3713,21.75,22.92,21.7144,291.86,-36942.672,585839.126,593689.172,617433.28,584984.858,2722065.038,7862579.088,24625.795,2481652.187,-29.82,-30.22,-31.428,-29.777,-138.558,-400.219,-1.253,498.394,472.202,2197.261,6346.704,478.529,6431.747,2030.041,497.668,2315.759,6688.98,2194.057,6337.449,2000.278,29489.563,26885.044,11.086,0.0379843,2.193,
26970,-1.3749,23.3,23.04,106.8294,338.04,-37080.132,628370.794,607127.873,621448.673,2881188.918,2726206.399,9117065.559,23615.234,2452472.757,-32.033,-30.95,-31.68,-146.876,-138.975,-464.766,-1.204,536.858,2489.005,2355.119,7876.063,2404.861,7609.802,2047.022,2461.587,2329.175,7789.3,10798.628,36113.112,9714.356,34170.546,30739.541,20.571,0.0608518,3.514,
27000,-1.1885,24.98,23.31,122.0678,1.26,-32090.562,674379.27,637343.1,629274.42,3295830.6,2730040.179,33922.206,30189.861,2294673.126,-29.686,-28.056,-27.701,-145.082,-120.176,-1.493,-1.329,582.126,3048.889,2525.49,31.381,2881.447,29.657,2006.165,2844.968,2356.577,29.282,12342.593,153.363,10374.285,127.036,106.777,0.049,0.0386254,2.23,
27030,-1.1094,25.86,24.09,355.5292,357.82,-29985.883,698909.574,687992.428,651251.9,9609954.276,2733236.846,9671952.987,27741.132,2168370.819,-28.684,-28.236,-26.728,-394.408,-112.177,-396.953,-1.139,622.985,9192.851,2614.605,9252.159,9049.256,9107.638,2041.856,8566.003,2436.319,8621.267,35950.629,127216.489,28520.871,36182.565,28704.874,4.014,0.0112185,0.648,
27060,-0.6667,26.88,25.03,472.8427,29.14,-18040.972,727409.331,742688.76,677341.837,12795123.46,2735670.986,788548.695,21232.353,2030556.184,-17.922,-18.298,-16.688,-315.245,-67.401,-19.428,-0.523,672.87,12710.65,2717.61,783.343,12977.641,799.797,2059.521,11835.778,2530.557,729.425,47802.737,13778.991,35481.658,2946.028,2186.694,0.178,0.0060942,0.352,
27090,-0.3418,27.98,26.07,583.6639,13.45,-9259.487,758064.888,791411.865,706359.83,15811455.05,2738361.452,364484.843,20508.113,1868631.963,-9.565,-9.986,-8.912,-199.499,-34.551,-4.599,-0.259,729.65,16332.784,2828.65,376.502,17051.256,393.065,2015.154,15218.779,2635.717,350.823,58998.993,7852.958,40260.355,1360.042,928.08,0.298,0.0221519,1.279,
27120,0.0639,28.04,27.33,642.7043,357.86,1733.23,760372.39,829042.399,741226.483,17430140.62,2741053.739,9705225.576,53509.224,1832616.015,1.792,1.954,1.747,41.075,6.459,22.871,0.126,766.298,18019.713,2833.769,10033.503,19647.091,10939.639,2065.708,17565.983,2762.416,9780.863,64958.961,229999.639,43430.317,36169.609,24182.308,25.646,0.0716645,4.138,
27150,0.2986,28.09,28.04,764.7465,0.38,8107.086,762517.524,832553.121,761390.256,20762867.48,2742930.432,10403.302,83752.89,1804883.936,8.386,9.157,8.374,228.356,30.168,0.114,0.921,787.621,21478.181,2837.429,10.762,23450.906,11.75,2038.551,21446.428,2833.234,10.746,77261.379,293.035,50838.993,38.712,25.473,0.02,0.0527947,3.049,
27180,0.3296,28.44,28.65,827.8073,349.31,8959.179,772957.071,886881.226,778832.572,22499802.41,2744495.959,9494294.724,52044.237,1778476.97,9.374,10.756,9.445,272.865,33.284,115.142,0.631,814.893,23541.557,2871.568,9933.886,27011.286,11398.016,2135.083,23720.504,2893.395,10009.397,83587.704,289162.858,54166.16,35271.701,22856.622,4.202,0.012029,0.695,
27210,0.4607,29.05,29.89,874.8373,32.55,12536.909,790461.928,934886.622,813385.265,23804322.93,2746327.604,885715.159,47060.593,1751632.905,13.385,15.83,13.773,403.078,46.504,14.998,0.797,868.401,25414.391,2932.083,945.623,30057.835,1118.397,2211.795,26151.406,3017.113,973.046,88298.046,28476.908,56317.303,3285.408,2095.463,0.49,0.0150575,0.869,
27240,0.5831,29.47,30.93,899.5002,33.32,15883.462,802890.828,964795.309,842530.748,24502385.45,2747685.417,907686.377,43191.199,1738577.685,17.187,20.652,18.035,524.493,58.816,19.43,0.925,911.65,26512.499,2973.099,982.151,31858.795,1180.203,2260.555,27821.46,3119.885,1030.641,90732.143,29972.984,57410.095,3361.156,2126.746,1.87,0.0561233,3.241,
27270,0.5805,29.83,31.93,901.0249,346.65,15831.389,813509.096,992469.834,870823,24570949.02,2748805.428,9453197.313,45710.383,1707033.336,17.319,21.128,18.539,523.083,58.518,201.246,0.973,952.625,26879.059,3007.019,10341.198,32792.08,12616.119,2278.185,28772.762,3218.871,11069.763,90822.961,312341.994,56401.89,34942.377,21699.536,17.136,0.0494323,2.854,
27300,1.0063,30.39,32.59,897.5822,1.84,27470.805,829543.533,1006975.242,889602.987,24503994.06,2749841.688,50181.905,48776.282,1644628.757,30.576,37.116,32.79,903.198,101.357,1.85,1.798,990.171,27274.121,3060.706,55.855,33107.804,67.802,2222.089,29248.784,3282.303,59.899,90410.584,1649.904,54072.875,185.152,110.736,0.04,0.0217843,1.258,
27330,2.2268,30.73,33.24,870.4769,42.87,60857.537,839900.914,1011353.483,908460.405,23790133.68,2751017.403,1171632.454,44616.198,1531050.409,68.433,82.402,74.019,1938.349,224.145,95.461,3.635,1021.539,26751.348,3093.443,1317.468,32212.215,1586.409,2073.066,28935.009,3345.955,1425.011,87621.555,37317.197,48764.874,4315.245,2401.605,0.46,0.0107408,0.62,
27360,3.4247,30.97,33.55,820.8735,36.75,93700.503,847377.23,1005405.034,917826.768,22459098.96,2752787.342,1005554.419,45086.052,1514555.075,106.069,125.849,114.887,2811.267,344.574,125.868,5.644,1038.976,25423.593,3116.142,1138.283,30164.852,1350.562,2034.201,27537.269,3375.213,1232.918,82591.015,30169.334,45440.721,3697.822,2034.504,0.727,0.0197715,1.142,
27390,4.2832,31.14,33.67,749.5898,35.69,117316.721,852792.306,993011.577,922344.555,20531264.62,2755023.631,977472.956,48427.739,1542565.955,133.358,155.285,144.234,3210.64,430.825,152.855,7.573,1048.461,23338.606,3131.732,1111.128,27176.026,1293.823,2041.804,25242.062,3387.15,1201.749,75397.503,26750.776,42215.834,3589.6,2009.854,1.313,0.0367918,2.125,
27420,4.3389,31.26,33.7,666.9,9.38,118972.903,857255.041,979962.283,924143.938,18286398,2757491.018,257302.672,64730.641,1559404.6,135.651,155.068,146.235,2893.619,436.342,40.715,10.243,1053.695,20849.868,3144.049,293.373,23834.312,335.366,2032.513,22476.717,3389.369,316.263,67066.767,6258.029,37927.313,943.677,533.664,0.85,0.0905527,5.229,
27450,4.2139,31.02,33.5,568.6213,347.58,115671.82,851615.937,961360.214,919616.724,15608654.69,2759991.307,9541013.355,58831.526,1576693.076,130.733,147.581,141.172,2396.119,423.692,1464.662,9.031,1039.36,17641.055,3119.369,10783.347,19914.386,12172.953,2011.632,19049.678,3368.448,11644.388,57172.672,197640.197,32660.884,34947.613,19964.432,10.688,0.0307487,1.776,
27480,4.2055,31.34,33.11,457.9884,1.31,115568.303,861104.212,938678.878,909915.012,12585521.23,2763648.173,36093.496,37668.265,1475599.177,131.783,143.656,139.253,1926.09,422.949,5.524,5.765,1037.584,14351.373,3151.411,41.158,15644.252,44.866,1834.222,15164.866,3330.045,43.491,46059.636,601.543,24592.697,132.093,70.528,0.104,0.0790125,4.562,
27510,4.125,31.32,32.79,341.252,354.77,113479.633,861548.001,916958.643,901981.374,9387842.52,2767562.809,9759733.704,45254.418,1478006.279,129.186,137.495,135.249,1407.675,414.987,1463.439,6.786,1026.824,10687.204,3150.618,11110.568,11374.554,11825.147,1790.791,11188.766,3298.48,11631.999,34330.656,121066.109,18334.155,35690.635,19060.446,10.995,0.0309914,1.79,
27540,4.1281,30.8,32.42,196.356,213.22,113687.69,848354.828,895721.425,892824.768,5407644.24,2771365.79,5872062.276,36608.178,1579297.705,127.164,134.264,133.829,810.576,415.412,880.19,5.487,998.656,6048.641,3099.87,6568.108,6386.357,6934.829,1865.13,6365.704,3262.362,6912.402,19759.415,41866.909,11260.152,21456.389,12227.194,4.101,0.0192333,1.111,
27570,4.2631,29.81,31.92,95.7223,186.42,117533.483,821964.536,873956.869,880070.241,2639062.984,2775542.101,5139676.596,47634.619,1761203.526,127.099,135.138,136.083,408.073,429.176,794.738,7.366,951.693,2853.838,3001.424,5557.959,3034.354,5909.521,2025.005,3055.579,3213.599,5950.858,9636.605,17844.814,6114.849,18767.658,11908.904,4.019,0.0215577,1.245,
27600,4.3095,28.82,31.5,12.0836,182.6,118942.805,795336.78,855482.424,869427.048,333506.256,2779653.339,5039851.08,35513.886,1868660.323,124.186,133.577,135.754,52.074,434.021,786.933,5.545,907.75,348.207,2902.175,5261.997,374.539,5659.924,2098.569,380.644,3172.529,5752.183,1216.96,2206.498,818.118,18390.358,12363.172,4.909,0.0268854,1.552,
27630,4.3166,27.83,30.83,0,191.43,119266.628,768967.491,831818.557,851931.539,0,2783697.111,5289279.975,24406.59,1980037.586,120.134,129.953,133.095,0,434.89,826.33,3.813,858.126,0,2803.937,5327.737,0,5763.196,2157.448,0,3106.454,5902.547,0,0,0,19286.648,13718.55,2.782,0.01453,0.839,
27660,4.2558,26.86,30.27,0,141.9,117716.768,742879.28,814458.381,837350.627,0,2787540.354,3924851.658,16447.966,2157214.35,114.302,125.315,128.837,0,428.899,603.889,2.531,813.057,0,2706.668,3810.984,0,4178.186,2296.455,0,3050.873,4295.624,0,0,0,14300.132,11066.549,1.561,0.010999,0.635,
27690,4.3332,25.71,29.83,0,233.3,119986.18,712039.766,800284.196,826086.569,0,2791697.099,6460179.453,16491.17,2276275.638,111.427,125.236,129.274,0,436.871,1010.951,2.581,767.156,0,2592.547,5999.332,0,6742.841,2375.873,0,3007.793,6960.24,0,0,0,23521.606,19178.892,4.752,0.0203674,1.176,
27720,4.3497,25.3,29.28,0,307.6,120574.404,701273.588,785563.178,811696.208,0,2795787.251,8526599.928,13108.106,2323359.976,110.041,123.268,127.369,0,438.705,1337.964,2.057,740.789,0,2551.556,7781.744,0,8717.07,2375.26,0,2953.325,9007.058,0,0,0,31023.697,25781.367,5.665,0.0184165,1.063,
27750,4.207,25.19,28.8,0,314.06,116743.442,698924.543,773069.768,799218.315,0,2799829.705,8715112.275,32366.24,2312627.396,105.959,117.199,121.164,0,424.461,1321.233,4.907,725.387,0,2541.183,7910.015,0,8749.147,2321.659,0,2905.836,9045.081,0,0,0,31686.818,26172.95,14.889,0.0474085,2.738,
27780,4.1116,26.18,28.35,0,332.77,114219.212,727317.903,761621.758,787696.9,0,2803452.024,9244311.708,25239.725,2020074.248,107.646,112.723,116.583,0,414.923,1368.199,3.736,742.367,0,2642.122,8712.331,0,9123.247,1993.619,0,2861.461,9435.594,0,0,0,33581.742,24197.886,15.345,0.0461146,2.663,
27810,4.066,25.99,28.07,0,313.01,113074.083,722888.969,754598.209,780695.391,0,2806595.403,8704927.683,29368.306,1955024.598,105.69,110.326,114.141,0,410.337,1272.701,4.294,729.712,0,2623.309,8136.447,0,8493.349,1907.506,0,2833.084,8787.085,0,0,0,31589.518,22004.698,8.155,0.0260528,1.504,
27840,4.0963,25.25,27.84,0,302.78,114039.784,702838.896,746490.067,775050.288,0,2810012.598,8429492.64,39615.68,1993665.24,103.413,109.835,114.038,0,413.453,1240.279,5.829,702.825,0,2548.154,7643.966,0,8118.71,1920.162,0,2809.957,8429.326,0,0,0,30561.259,21682.792,4.939,0.0163126,0.942,
27870,3.9043,25.11,27.57,0,314.3,108813.338,699821.831,737484.235,768307.897,0,2813940.772,8759471.325,35519.981,1991046.22,98.038,103.314,107.633,0,394.206,1227.117,4.976,692.227,0,2535.295,7892.079,0,8316.808,1890.428,0,2783.404,8664.415,0,0,0,31733.568,22453.565,44.349,0.141105,8.148,
27900,3.8289,26.03,27.14,0,350.13,106826.579,726254.298,726166.971,757112.535,0,2816833.71,9768755.34,67574.107,1966911.908,99.669,99.657,103.904,0,386.574,1340.634,9.274,706.384,0,2628.098,9114.221,0,9113.125,1834.903,0,2739.765,9501.48,0,0,0,35350.213,24684.011,21.427,0.0611966,3.534,
27930,3.8077,25.96,26.89,0,2.53,106348.647,724974.262,721637.186,751146.068,0,2819887.106,70526.49,50018.468,2108137.941,98.835,98.38,102.403,0,384.434,9.615,6.819,698.08,0,2620.671,65.544,0,65.242,1950.186,0,2715.278,67.91,0,0,0,254.942,190.594,0.02,0.0080067,0.462,
27960,3.7364,25.82,26.66,0,56.11,104468.588,721927.48,719293.088,745284.704,0,2822596.096,1568710.339,26757.72,2153618.845,96.473,96.121,99.594,0,377.19,209.63,3.576,688.242,0,2606.561,1448.645,0,1443.359,1981.529,0,2690.894,1495.515,0,0,0,5663.921,4321.527,2.108,0.0375632,2.169,
27990,3.7585,25.5,26.63,0,12.82,105200.457,713872.634,721523.981,745483.701,0,2824747.433,358693.529,17587.558,2224681.432,95.859,96.886,100.104,0,379.308,48.165,2.362,679.287,0,2573.917,326.842,0,330.346,2048.862,0,2687.893,341.315,0,0,0,1293.294,1018.558,0.371,0.028916,1.67,
28020,3.6926,25.11,26.72,0,65.2,103466.179,703650.008,722397.35,748578.397,0,2827625.362,1826931.179,24161.248,2263147.723,92.73,95.2,98.651,0,372.635,240.76,3.184,670.9,0,2534.208,1637.354,0,1680.978,2082.345,0,2696.019,1741.9,0,0,0,6579.726,5266.218,1.295,0.0198542,1.146,
28050,3.7839,24.66,26.45,0,356.14,106138.666,691820.151,715952.127,741969.063,0,2829999.648,9989606.385,24928.916,2317263.022,93.326,96.581,100.091,0,381.763,1347.585,3.363,652.399,0,2488.364,8783.667,0,9090.057,2108.597,0,2668.741,9420.38,0,0,0,35930.977,29421.037,28.419,0.0797975,4.608,
28080,3.8184,24.48,26.23,0,336.08,107220.657,687375.655,710980.546,736650.158,0,2832021.37,9437221.872,24671.885,2342399.295,93.471,96.681,100.172,0,385.106,1283.301,3.355,642.187,0,2468.86,8227.049,0,8509.571,2112.148,0,2645.84,8816.805,0,0,0,33895.847,28035.667,2.363,0.00703138,0.406,
28110,3.733,23.74,26.13,0,309.29,104934.385,667193.099,707356.667,734504.462,0,2834362.017,8694175.632,30870.796,2436325.551,88.603,93.937,97.542,0,376.402,1154.581,4.1,620.189,0,2393.234,7341.051,0,7782.967,2180.982,0,2634.681,8081.671,0,0,0,31186.17,26806.619,11.98,0.0387337,2.237,
28140,3.6426,24.41,25.91,0,328.99,102502.289,686880.516,701265.965,729078.979,0,2836830.171,9257753.274,32190.246,2351702.578,88.913,90.775,94.376,0,367.214,1198.37,4.167,632.423,0,2460.744,8030.427,0,8198.609,2082.653,0,2611.919,8523.775,0,0,0,33165.821,27494.119,17.663,0.0536902,3.1,
28170,3.6796,24.29,25.77,0,289.87,103655.006,684147.888,698649.241,725918.646,0,2839774.428,8165697.057,17569.995,2360712.468,89.365,91.259,94.821,0,370.937,1066.62,2.295,625.841,0,2448.275,7039.95,0,7189.17,2078.397,0,2597.754,7469.775,0,0,0,29221.561,24291.966,36.179,0.124809,7.207,
28200,3.5723,23.94,25.64,0,311.78,100738.212,675003.378,697145.736,723025.158,0,2843075.884,8792286.24,12819.926,2396767.502,85.507,88.312,91.59,0,360.151,1113.776,1.624,613.707,0,2413.216,7462.933,0,7707.742,2101.122,0,2584.899,7993.869,0,0,0,31433.45,26499.001,12.881,0.0413144,2.386,
28230,3.4884,23.47,25.62,0,298.19,98477.517,662424.29,695586.635,723187.389,0,2846696.07,8418042.027,19954.672,2432562.483,81.856,85.954,89.365,0,351.768,1040.223,2.466,601.126,0,2366.223,6997.221,0,7347.516,2123.213,0,2583.272,7639.065,0,0,0,30069.793,25695.279,6.634,0.0222473,1.285,
28260,3.4195,23.57,25.41,0,306.84,96635.689,666153.481,690478.558,718071.905,0,2850367.597,8671352.094,29471.111,2407147.569,80.606,83.549,86.888,0,344.901,1049.253,3.566,598.96,0,2377.557,7232.972,0,7497.09,2081.175,0,2562.858,7796.693,0,0,0,30948.769,26136.367,11.1,0.0361747,2.089,
28290,3.4334,23.31,25.29,0,228.84,97130.871,659381.057,687830.895,715383.375,0,2854365.802,6473784.585,13947.423,2427404.662,80.025,83.478,86.822,0,346.418,785.687,1.693,589.399,0,2351.691,5333.703,0,5563.832,2086.21,0,2551.424,5786.703,0,0,0,23088.833,19635.164,14.637,0.0639645,3.694,
28320,3.3746,23.24,25.16,0,356.55,95569.35,658045.502,685423.296,712633.718,0,2858646.692,10097617.78,15092.694,2449580.977,78.413,81.675,84.918,0,340.638,1203.237,1.798,584.704,0,2345.47,8284.921,0,8629.612,2093.458,0,2540.039,8972.197,0,0,0,35990.917,30840.7,29.888,0.0838242,4.84,
28350,3.2549,23.92,24.95,0,347.25,92277.267,678162.618,682804.364,707241.213,0,2863108.587,9844531.83,29514.193,2390436.224,77.861,78.394,81.2,0,328.72,1130.274,3.389,596.754,0,2415.825,8306.59,0,8363.445,2030.801,0,2519.412,8662.764,0,0,0,35069.273,29279.665,10.544,0.0303647,1.753,
28380,3.2363,24.25,24.93,5.6355,11.23,91844.962,688222.379,685836.472,707518.792,159935.632,2867683.611,318637.585,43132.634,2379920.575,78.48,78.208,80.68,18.238,327.011,36.335,4.919,604.564,136.662,2450.39,272.271,136.189,271.327,2026.554,140.494,2519.094,279.905,569.445,63.273,472.588,1134.497,941.531,0.341,0.0303607,1.753,
28410,3.293,24.03,25.04,35.5714,33.45,93553.883,682776.11,693798.621,711510.836,1010583.758,2872208.311,950209.383,30792.832,2452611.529,79.14,80.418,82.471,117.136,332.916,110.138,3.569,601.89,854.886,2429.695,803.813,868.687,816.79,2108.238,890.864,2531.949,837.642,3596.216,1189.732,3070.85,3381.371,2887.391,0.679,0.020295,1.172,
28440,3.3633,24.04,25.07,69.7675,30.55,95652.178,683575.308,699994.573,713118.78,1984188.269,2876395.994,868882.385,41974.909,2449753.715,80.839,82.781,84.333,234.649,340.161,102.754,4.964,602.683,1676.911,2430.949,734.325,1717.19,751.963,2120.108,1749.386,2536.012,766.062,7056.224,2131.497,6009.608,3089.943,2631.626,0.754,0.0246692,1.424,
28470,3.2792,24.14,25.17,139.1343,71.52,93359.273,687170.995,710353.547,716692.677,3961153.521,2880005.43,2036055.395,25121.996,2461867.864,79.149,81.82,82.55,456.251,331.723,234.516,2.894,607.607,3358.239,2441.649,1726.154,3471.533,1784.388,2157.567,3502.513,2546.545,1800.311,14074.729,9950.304,12031.27,7234.491,6184.141,1.882,0.0263194,1.52,
28500,3.3105,24.58,25.33,230.281,34.25,94350.456,700412.295,725454.39,721818.36,6563008.5,2883394.567,976066.86,25256.475,2443017.05,81.359,84.268,83.846,762.355,334.933,113.379,2.934,622.432,5659.356,2486.384,841.673,5861.697,871.766,2181.961,5832.318,2562.373,867.397,23297.929,7886.654,19739.663,3464.926,2935.732,0.291,0.00850391,0.491,
28530,3.2606,25.16,25.64,310.0104,49.63,93026.183,717816.512,748250.889,731605.917,8844596.712,2886205.817,1415808.383,45488.717,2362980.609,82.038,85.516,83.614,1010.834,329.859,161.81,5.199,645.189,7799.88,2545.29,1248.574,8130.584,1301.512,2172.22,7949.718,2594.185,1272.56,31361.858,15384.344,25676.431,5020.283,4110.182,0.941,0.0189535,1.094,
28560,3.2268,25.21,26.2,300.9235,56.1,92156.46,720079.853,770605.634,748291.992,8594375.16,2888703.838,1602130.891,71703.507,2324292.276,81.356,87.065,84.544,971.01,326.372,181.012,8.101,660.595,7587.148,2550.159,1414.367,8119.515,1513.609,2195.869,7884.406,2650.072,1469.781,30436.935,16880.912,24489.992,5673.938,4565.332,0.349,0.00622104,0.359,
28590,3.1491,25.59,26.42,387.1944,54.03,90033.162,731530.043,782768.183,755402.693,11069887.9,2891141.168,1544729.422,66982.367,2289459.3,80.576,86.22,83.206,1219.319,318.452,170.148,7.378,676.056,9907.112,2587.457,1382.472,10601.03,1479.303,2192.491,10230.419,2671.896,1427.587,39154.728,20920.272,31006.15,5463.783,4326.703,0.628,0.0116177,0.671,
28620,3.1747,26.07,26.92,349.1813,51.16,90860.658,746229.008,800014.86,770454.693,9993568.806,2893500.125,1464303.377,98681.646,2215770.01,82.777,88.743,85.464,1108.555,320.967,162.431,10.946,701.908,9104.445,2636.067,1334.025,9760.665,1430.177,2164.131,9400.013,2721.644,1377.333,35302.451,17865.386,27033.733,5172.676,3961.106,0.13,0.00254557,0.147,
28650,3.1226,25.93,27.24,416.886,56.36,89462.007,742990.478,808183.839,780409.383,11943783.9,2895144.656,1614728.612,92540.274,2198751.569,80.979,88.085,85.057,1301.761,315.544,175.99,10.086,706.409,10811.251,2620.621,1461.617,11759.879,1589.866,2164.896,11355.733,2752.602,1535.228,42127.235,23495.908,31994.023,5695.352,4325.402,0.98,0.0173859,1.004,
28680,3.091,26.71,27.48,451.7994,46.23,88648.46,765906.57,821152.567,788184.334,12957606.79,2897577.634,1325863.494,106582.021,2105170.823,82.545,88.499,84.946,1396.49,312.283,142.893,11.487,733.914,12065.416,2698.066,1234.572,12935.713,1323.623,2101.614,12416.36,2776.544,1270.481,45645.88,20886.483,33163.003,4670.631,3393.344,0.044,0.00095672,0.055,
28710,3.01,26.31,27.99,501.12,53.93,86418.022,755493.027,832679.001,803518.828,14387155.2,2899630.392,1548393.462,123243.015,2162474.622,79.208,87.3,84.243,1508.387,304.005,162.338,12.921,736.479,13186.787,2657.705,1419.206,14534.033,1564.201,2184.551,14025.056,2826.652,1509.423,50611.73,27026.504,37745.012,5447.003,4062.244,-0.042,-0.000772581,-0.045,
28740,2.9324,25.83,28.1,413.1926,59.33,84276.574,742496.75,838444.091,807496.859,11875155.32,2901236.737,1705038.724,100306.767,2242137.243,75.758,85.548,82.39,1211.637,296.017,173.967,10.234,725.875,10674.814,2607.98,1532.693,12054.241,1730.752,2275.95,11609.315,2836.289,1666.869,41710.84,24513.201,32235.021,5988.856,4628.315,0.813,0.0137111,0.792,
28770,2.9271,25.83,28.26,603.3681,62.94,84211.888,743008.841,845125.655,813183.187,17358900.24,2902639.126,1810882.769,103366.467,2262919.755,75.594,85.983,82.734,1766.102,295.316,184.24,10.517,729.966,15582.476,2605.597,1625.566,17724.083,1848.979,2310.525,17054.181,2851.686,1779.094,60874.517,37978.064,47458.241,6350.438,4950.85,0.385,0.00611577,0.353,
28800,2.8928,26.2,28.63,442.7812,51.15,83312.272,754485.984,861460.992,824652.576,12752098.56,2904549.938,1473221.664,93008.131,2211397.37,75.784,86.529,82.831,1280.872,291.745,147.976,9.342,750.131,11599.729,2642.074,1340.091,13244.4,1530.096,2296.77,12678.495,2887.785,1464.718,44655.559,22649.821,33998.791,5158.958,3927.805,1.127,0.0220293,1.272,
28830,2.8333,26.5,28.86,393.4313,44.16,81683.964,763864.688,856784.643,831980.465,11342624.38,2907009.574,1273141.737,112330.531,2126374.777,75.07,84.201,81.764,1114.708,285.689,125.119,11.039,764.611,10424.151,2671.613,1170.049,11692.192,1312.379,2191.907,11353.699,2909.848,1274.385,39670.779,17374.048,29017.773,4452.808,3257.071,0.549,0.0124397,0.718,
28860,2.759,26.69,28.83,512.6827,42.97,79625.078,770252.332,854984.138,832075.358,14796022.72,2909820.204,1240008.861,118127.992,2074544.698,73.636,81.736,79.546,1414.498,278.178,118.545,11.293,769.49,13683.127,2690.956,1146.741,15188.343,1272.888,2129.552,14781.381,2906.941,1238.782,51691.423,22028.104,36853.194,4332.098,3088.552,1.269,0.0295286,1.705,
28890,2.7571,26.7,28.88,338.2744,41.92,79651.837,771490.116,853379.399,834243.53,9772747.416,2912927.197,1211049.444,131840.411,2022758.057,73.626,81.441,79.615,932.647,277.991,115.575,12.582,771.131,9033.415,2692.557,1119.431,9992.26,1238.252,2068.193,9768.198,2911.571,1210.486,34107.605,14180.236,23684.571,4226.651,2935.018,1.128,0.0269166,1.554,
28920,2.6865,26.54,28.8,277.7193,30.19,77692.443,767438.183,834357.328,832861.007,8031642.156,2916926.498,873022.5,131724.932,2012676.649,71.29,77.506,77.367,746.082,270.962,81.098,12.236,764.222,7369.723,2676.531,801.073,8012.349,870.925,2007.842,7997.98,2904.701,869.363,28011.3,8383.651,19327.771,3044.769,2100.888,0.525,0.0173762,1.003,
28950,2.7372,26.21,28.59,142.8874,42.16,79241.215,758638.514,819819.417,827810.486,4136590.23,2921258.382,1220452.677,103731.816,2071705.085,71.728,77.513,78.268,391.108,276.2,115.392,9.808,749.322,3744.383,2644.282,1104.736,4046.351,1193.829,2026.511,4085.792,2885.385,1205.465,14418.342,6023.741,10225.235,4253.964,3016.836,0.551,0.0130723,0.755,
28980,2.7018,25.34,28.19,78.88,55.09,78297.202,734381.6,797389.337,816981.845,2285942.69,2925252.612,1596428.795,111400.917,2183152.898,68.465,74.34,76.166,213.115,272.717,148.833,10.386,714.393,1998.897,2557.929,1395.965,2170.396,1515.735,2072.802,2223.725,2845.634,1552.978,7962.179,4345.284,5942.275,5560.53,4149.893,0.564,0.0102386,0.591,
29010,2.7636,25.42,27.64,37.5987,42.11,80172.139,737558.363,777045.614,801748.79,1090737.997,2929285.696,1221571.937,85945.461,2170778.911,70.263,74.024,76.378,103.908,279.055,116.372,8.187,702.65,955.92,2567.218,1070.582,1007.097,1127.899,2004.318,1039.114,2790.645,1163.756,3796.529,1583.23,2813.459,4251.922,3150.933,0.874,0.020755,1.198,
29040,2.7662,25.35,27.2,6.7987,43.05,80329.128,736122.182,760383.36,789785.489,197434.916,2933583.297,1250316.329,103116.045,2138659.177,70.118,72.429,75.23,18.806,279.433,119.097,9.822,689.391,172.338,2560.679,1091.381,178.018,1127.351,1928.328,184.901,2747.352,1170.943,686.798,292.719,500.694,4349.357,3170.796,0.724,0.0168129,0.971,
29070,2.5955,24.59,26.78,0,56.82,75452.415,714859.207,747501.038,778497.507,0,2937369.559,1651885.308,88126.781,2276217.777,63.827,66.741,69.509,0,262.266,147.49,7.868,658.548,0,2484.786,1397.367,0,1461.173,2013.425,0,2705.987,1521.763,0,0,0,5741.805,4449.422,3.472,0.0610964,3.528,
29100,2.5892,24.23,26.37,0,56.16,75346.179,704957.103,736178.202,767227.902,0,2941133.863,1634241.159,93656.371,2320497.662,62.725,65.503,68.265,0,261.692,145.409,8.333,638.706,0,2448.451,1360.482,0,1420.735,2017.335,0,2664.73,1480.657,0,0,0,5676.034,4478.281,0.657,0.0116913,0.675,
29130,2.4324,24.22,26.09,0,46.05,70855.202,705604.047,728970.385,759970.24,0,2945291.522,1341347.945,76841.211,2313371.614,58.919,60.87,63.458,0,245.934,112.004,6.416,631.941,0,2449.111,1115.377,0,1152.313,1987.35,0,2637.812,1201.315,0,0,0,4655.741,3656.839,1.031,0.022385,1.293,
29160,2.3768,24.45,25.8,0,43.6,69306.52,713103.426,721780.276,752369.99,0,2949286.994,1271419.74,83536.868,2254104.154,58.123,58.831,61.324,0,240.39,103.631,6.809,630.97,0,2473.401,1066.268,0,1079.242,1913.392,0,2609.597,1124.981,0,0,0,4409.922,3370.45,-0.468,-0.0107341,-0.62,
29190,2.3618,24.49,25.59,0,48.13,68939.973,714854.343,717608.42,746857.675,0,2953321.181,1404816.33,83290.162,2255391.087,57.839,58.062,60.428,0,238.954,113.664,6.739,626.595,0,2477.765,1178.607,0,1183.147,1899.508,0,2588.692,1231.372,0,0,0,4869.25,3718.546,0.079,0.00163277,0.094,
29220,2.2624,24.32,25.41,0,50.9,66106.716,710714.261,714541.497,742492.765,0,2956885.954,1487407.867,81896.969,2276510.698,55.028,55.324,57.488,0,228.939,115.164,6.341,618.055,0,2461.326,1238.126,0,1244.793,1905.183,0,2571.381,1293.486,0,0,0,5151.15,3965.878,0.433,0.00851002,0.491,
29250,2.1912,24.27,25.21,0,46.72,64091.271,709905.983,710244.405,737490.488,0,2960663.941,1366476.638,85085.764,2242916.171,53.18,53.205,55.246,0,221.787,102.364,6.374,611.935,0,2456.621,1133.839,0,1134.379,1861.955,0,2552.077,1177.896,0,0,0,4728.676,3582.313,0.9,0.0192663,1.113,
29280,2.2447,24.25,25.15,0,46.05,65725.577,709989.053,708352.886,736452.317,0,2964028.388,1348207.262,84246.963,2220586.277,54.431,54.305,56.459,0,227.235,103.359,6.459,609.894,0,2454.663,1116.519,0,1113.946,1834.743,0,2546.155,1158.135,0,0,0,4661.191,3492.064,0.715,0.0155219,0.896,
29310,2.2378,24.11,24.93,0,29.43,65589.543,706749.392,703762.117,730725.265,0,2966508.863,862636.093,66045.425,2227910.506,53.96,53.731,55.79,0,226.49,65.861,5.042,601.157,0,2440.504,709.678,0,706.678,1825.122,0,2523.296,733.753,0,0,0,2978.802,2237.143,0.672,0.0228223,1.318,
29340,2.2098,24.15,24.89,0,26.86,64836.354,708688.629,703445.571,730149.665,0,2969522.457,788136.361,71040.091,2231515.629,53.377,52.982,54.993,0,223.658,59.361,5.351,601.101,0,2444.679,648.838,0,644.038,1823.519,0,2518.711,668.487,0,0,0,2718.741,2043.06,0.715,0.0266237,1.537,
29370,1.974,24.19,24.73,0,23.3,57976.724,710313.744,701149.423,726197.04,0,2972559.111,684333.335,74131.642,2232128.202,47.741,47.126,48.809,0,199.791,45.995,4.983,597.994,0,2447.782,563.521,0,556.25,1814.353,0,2502.517,576.122,0,0,0,2358.252,1770.838,0.358,0.0153673,0.887,
29400,2.0414,24.05,24.66,0,28.03,60015.944,707156.73,700970.382,725073.09,0,2975331.609,824093.76,73889.168,2258705.746,49.101,48.671,50.345,0,206.589,57.22,5.13,593.202,0,2434.201,674.214,0,668.316,1831.744,0,2495.873,691.296,0,0,0,2836.726,2153.484,0.384,0.0136936,0.791,
29430,2.0481,23.77,24.67,0,34.87,60275.387,699680.592,700357.776,726090.191,0,2978011.484,1026326.516,75905.267,2288011.783,48.692,48.739,50.53,0,207.246,71.424,5.282,586.557,0,2405.723,829.096,0,829.899,1850.111,0,2496.528,860.39,0,0,0,3528.835,2711.211,1.057,0.0303153,1.751,
29460,2.0206,23.27,24.53,0,22.94,59528.183,685654.102,697796.041,722579.855,0,2980087.886,675696.622,80861.189,2400920.486,47.029,47.861,49.561,0,204.403,46.346,5.546,570.855,0,2354.337,533.816,0,543.269,1930.371,0,2481.13,562.564,0,0,0,2320.146,1869.236,0.747,0.0325557,1.88,
29490,2.0613,23.21,24.46,0,9.83,60786.457,684340.811,695262.728,721335.722,0,2982315.465,289909.702,80089.974,2412620.501,47.833,48.597,50.419,0,208.454,20.264,5.598,567.623,0,2346.802,228.132,0,231.773,1928.805,0,2473.668,240.464,0,0,0,994.184,804.271,0.22,0.0223373,1.29,
29520,2.0069,23.4,24.31,0,19.1,59242.768,690820.841,692392.781,717543.23,0,2985097.922,563944.766,78363.703,2351864.651,46.964,47.071,48.781,0,202.937,38.339,5.327,568.828,0,2366.417,447.064,0,448.081,1868.668,0,2457.955,464.357,0,0,0,1931.801,1522.005,1.089,0.0570194,3.293,
29550,1.9489,23.07,24.29,0,5.01,57590.28,681600.3,692762.517,717663.12,0,2988605.612,147932.176,69787.674,2421638.239,44.954,45.69,47.332,0,197.107,9.757,4.603,560.19,0,2332.832,115.472,0,117.363,1921.227,0,2456.26,121.582,0,0,0,506.31,410.258,0.151,0.030103,1.738,
29580,1.9651,22.53,24.24,0,355.66,58128.668,666325.883,692710.06,717142.549,0,2991551.062,10520458.3,64582.31,2547438.325,44.267,46.02,47.643,0,198.742,698.922,4.29,546.13,0,2278.173,8011.706,0,8328.942,2016.781,0,2451.916,8622.711,0,0,0,35969.528,30629.647,10.255,0.0288338,1.665,
29610,1.945,22.3,24.14,0,13.58,57592.401,660189.594,690356.854,714929.897,0,2994993.407,402081.593,75237.115,2599962.684,43.367,45.348,46.963,0,196.736,26.412,4.942,538.338,0,2255.214,302.765,0,316.6,2047.217,0,2442.207,327.869,0,0,0,1373.514,1192.352,0.396,0.0291315,1.682,
29640,1.8874,22.64,24.05,0,356.32,55941.915,670997.434,687349.525,712775.31,0,2998618.997,10561395.94,81281.831,2519191.203,42.727,43.768,45.387,0,190.942,672.515,5.176,544.399,0,2290.265,8066.512,0,8263.092,1970.981,0,2432.862,8568.752,0,0,0,36048.418,30284.894,15.079,0.0423176,2.444,
29670,1.9,22.82,23.8,0,7.87,56373.953,677189.86,680335.77,706059.66,0,3002506.418,233498.242,90379.449,2434291.324,43.366,43.568,45.215,0,192.277,14.953,5.788,543.146,0,2309.72,179.622,0,180.456,1881.312,0,2408.187,187.279,0,0,0,796.402,645.686,0.544,0.0691735,3.994,
29700,1.8494,22.71,23.83,0,6.1,54927.77,674610.552,679514.616,707826.438,0,3006456.266,181175.613,95797.469,2406995.075,42.008,42.313,44.076,0,187.212,11.282,5.965,541.336,0,2299.297,138.561,0,139.568,1854.219,0,2412.508,145.383,0,0,0,617.507,494.381,0.186,0.0304147,1.756,
29730,1.8631,22.27,23.78,0,11.42,55389.765,662156.966,680247.968,706957.697,0,3010490.159,339631.358,92003.647,2480642.077,41.495,42.629,44.303,0,188.659,21.284,5.766,529.62,0,2255.321,254.436,0,261.388,1909.157,0,2407.913,271.651,0,0,0,1156.792,953.196,0.121,0.0105679,0.61,
29760,1.7106,22.44,23.67,0,26.09,50908.776,667823.03,675481.469,704456.102,0,3014353.007,776545.536,76318.836,2420848.113,38.387,38.828,40.493,0,173.269,44.637,4.387,531.189,0,2272.949,585.548,0,592.263,1846.355,0,2397.63,617.668,0,0,0,2642.988,2122.602,-0.104,-0.00398379,-0.23,
29790,1.7329,22.24,23.52,0,24.81,51622.771,662555.815,674014.837,700658.715,0,3018575.786,739130.712,52435.971,2471189.452,38.541,39.208,40.757,0,175.591,42.995,3.05,523.104,0,2253.635,551.827,0,561.371,1876.871,0,2383.239,583.562,0,0,0,2514.099,2058.194,0.552,0.0222423,1.284,
29820,1.6073,22.31,23.42,29.0169,20.14,47929,665210.246,672496.465,698367.403,865282.467,3022328.282,600442.399,80150.166,2416551.434,35.854,36.247,37.642,46.638,162.901,32.363,4.32,522.429,647.294,2260.92,449.174,654.384,454.094,1827.556,679.558,2373.615,471.563,2940.927,584.271,2351.466,2040.787,1631.744,0.804,0.0399057,2.304,
29850,1.668,22.41,23.3,62.3787,11.14,49789.54,668998.797,675609.378,695599.625,1862003.3,3026112.346,332461.241,67119.844,2454166.879,37.383,37.752,38.869,104.047,169.096,18.578,3.751,522.271,1398.032,2272.07,249.619,1411.846,252.086,1860.849,1453.621,2362.412,259.544,6323.781,694.757,5128.565,1129.113,915.707,0.379,0.034028,1.965,
29880,1.7015,22.55,23.44,81.8897,11.07,50839.645,673680.157,683598.226,700273.955,2446864.834,3029766.862,330828.372,72558.949,2456757.96,38.361,38.926,39.876,139.332,172.524,18.838,4.132,528.397,1846.301,2286.135,249.629,1873.483,253.304,1881.058,1919.185,2376.381,259.483,8303.439,906.675,6733.04,1122.667,910.341,0.557,0.0502751,2.903,
29910,1.6831,22.8,23.57,88.6657,351.97,50341.322,681890.872,692927.961,704979.896,2651990.19,3033912.393,10527437.66,78992.848,2433718.686,38.371,38.992,39.671,149.233,170.724,592.399,4.445,537.352,2021.408,2312.518,8024.255,2054.126,8154.136,1885.062,2089.853,2390.82,8295.959,8993.777,31207.7,7214.554,35702.028,28639.157,10.115,0.0287376,1.659,
29940,1.6932,22.57,23.8,202.1827,17.46,50694.269,675724.842,708557.046,712684.874,6053350.038,3036719.756,522756.592,104731.168,2503983.243,38.214,40.071,40.304,342.335,171.735,29.563,5.923,537.234,4563.122,2289.133,394.063,4784.836,413.21,1979.259,4812.71,2414.341,415.617,20506.753,3530.138,16909.222,1770.927,1460.25,0.347,0.0199002,1.149,
29970,1.6116,23.27,23.9,325.0506,358.61,48298.535,697539.762,731039.928,716160.123,9741766.482,3039526.648,10747391.85,90133.217,2454330.405,37.508,39.31,38.51,523.839,163.443,577.914,4.847,556.168,7565.423,2360.486,8346.388,7928.761,8747.233,1997.564,7767.377,2423.498,8569.189,32966.298,116564.77,26619.338,36369.351,29367.206,7.828,0.0218299,1.261,
30000,1.5145,24.35,24.33,369.2452,24.94,45435.657,730475.7,749489.1,730021.5,11077356,3041854.801,748194.6,128625.54,2248959.909,36.877,37.837,36.854,559.23,153.565,37.772,6.494,592.514,8990.822,2468.89,607.264,9224.842,623.071,1872.857,8985.231,2467.355,606.887,37439.676,9208.909,27680.588,2528.777,1869.622,0.466,0.0186658,1.078,
30030,1.407,24.64,24.88,317.1953,27.69,42251.336,740002.263,765286.922,747284.238,9525374.859,3043874.194,831588.658,147843.035,2159353.978,34.671,35.855,35.012,446.285,142.612,38.962,6.927,613.209,7816.358,2497.751,682.387,8083.43,705.703,1832.473,7893.275,2522.33,689.102,32151.268,8783.75,22808.423,2806.885,1991.231,0.144,0.00520776,0.301,
30060,1.3578,25.5,25.17,665.6135,37.63,40815.083,766447.936,794803.534,756529.339,20008341.81,3045782.345,1131089.564,163357.914,2039345.465,34.62,35.901,34.172,903.761,137.576,51.09,7.379,641.698,16971.327,2583.471,959.404,17599.2,994.899,1793.794,16751.701,2550.038,946.989,67442.244,25045.525,45156.882,3812.571,2552.759,0.329,0.00875461,0.506,
30090,1.2998,25.86,25.94,514.22,35.12,39111.825,778201.722,839273.59,780490.97,15472879.8,3049118.123,1056697.31,181702.678,1967525.745,33.617,36.255,33.716,668.398,131.716,45.647,7.849,670.835,13298.999,2620.729,908.235,14342.681,979.512,1823.81,13338.121,2628.438,910.907,52107.595,18058.321,33623.831,3558.611,2296.29,0.731,0.020813,1.202,
30120,1.2761,25.18,26.66,700.455,64.07,38434.702,758409.552,864310.568,802876.913,21097704.6,3050579.469,1929911.892,157459.017,2168946.762,32.13,36.617,34.014,893.817,129.24,81.762,6.671,671.186,17637.177,2550.212,1613.36,20099.955,1838.643,2066.373,18671.286,2699.736,1707.955,70942.684,44881.024,50439.894,6489.48,4613.988,0.63,0.00982846,0.568,
30150,1.1874,24.84,27.3,732.5265,60.56,35799.478,749011.626,880466.832,823147.461,22085673.98,3052001.166,1825776.968,160783.317,2247162.839,29.498,34.675,32.418,869.787,120.195,71.903,6.332,678.253,18198.039,2514.772,1504.394,21391.883,1768.423,2176.571,19999.248,2763.68,1653.296,74151.633,44359.204,54597.225,6129.962,4513.44,0.723,0.0119406,0.689,
30180,1.2284,25.42,27.74,326.9208,47.42,37073.096,767324.991,893475.278,837151.552,9866469.744,3053624.63,1431006.128,151781.286,2169047.929,31.232,36.367,34.074,401.589,124.29,58.245,6.178,705.253,8311.945,2572.507,1205.542,9678.451,1403.736,2127.714,9068.332,2806.605,1315.246,33077.979,15501.182,23495.921,4797.541,3407.785,0.633,0.0133462,0.771,
30210,1.2269,25.1,27.81,263.3821,35.74,37063.708,758121.158,855760.181,840240.699,7956773.241,3055515.025,1079691.503,154584.54,2139909.578,30.788,34.754,34.123,323.135,124.089,43.848,6.278,697.977,6609.584,2538.175,896.885,7460.838,1012.396,2006.532,7325.533,2813.11,994.036,26639.125,9413.155,18656.534,3614.787,2531.592,0.852,0.0238346,1.376,
30240,1.2358,24.83,27.36,417.0366,58.85,37372.057,750715.862,829605.672,827400.571,12611186.78,3057245.148,1779496.085,135272.713,2227805.313,30.68,33.904,33.814,515.394,124.944,72.724,5.528,679.247,10353.042,2509.818,1460.862,11441.003,1614.378,2021.089,11410.593,2766.193,1610.087,42162.14,24540.84,30723.424,5949.271,4335.216,1.917,0.0325691,1.881,
30270,1.2562,25,27.22,328.1991,60.61,38023.798,756729.719,837351.443,823933.962,9934586.757,3060455.418,1834602.949,138886.751,2213573.054,31.403,34.749,34.192,412.269,127.004,76.133,5.764,680.469,8204.758,2527.563,1515.158,9078.89,1676.583,2022.911,8933.412,2752.033,1649.718,33182.647,19891.478,24000.419,6127.782,4432.116,1.729,0.0285334,1.648,
30300,1.1284,24.16,27.25,241.3349,46.5,34190.503,731978.916,823451.283,825807.108,7312447.47,3063294.683,1409001.207,130929.451,2302636.559,27.26,30.666,30.754,272.322,114.08,52.472,4.876,658.403,5830.101,2442.317,1123.375,6558.664,1263.758,2065.276,6577.428,2755.384,1267.374,24398.677,11222.481,18340.151,4701.267,3533.878,0.864,0.0185786,1.073,
30330,1.0079,24.59,26.83,173.1588,45.02,30569.281,745667.6,802221.827,813825.479,5251906.404,3065909.081,1365583.379,142191.529,2140487.651,24.779,26.658,27.044,174.525,101.883,45.379,4.725,659.678,4257.135,2485.191,1106.926,4580.012,1190.88,1866.648,4646.259,2712.35,1208.105,17503.763,7796.333,12220.385,4551.271,3177.504,1.878,0.0417078,2.408,
30360,0.9891,24.86,26.47,197.9718,50.56,30029.493,754747.778,789662.689,803629.504,6010423.848,3069332.446,1534918.11,154809.739,2112399.544,24.589,25.727,26.182,195.817,99.997,50.007,5.044,658.043,4921.567,2513.288,1256.85,5149.241,1314.993,1809.732,5240.316,2676.063,1338.251,20014.535,10008.91,13774.557,5111.232,3517.691,0.058,0.00114128,0.066,
30390,0.8415,24.19,26.25,149.7629,43.52,25571.99,735207.036,777491.074,797694.954,4551294.531,3073389.677,1322494.394,130080.384,2207202.238,20.357,21.528,22.087,126.02,85.098,36.618,3.602,635.017,3623.124,2446.616,1052.791,3831.501,1113.34,1858.13,3931.066,2654.563,1142.271,15145.763,6517.295,10877.164,4400.987,3160.637,0.307,0.00704604,0.407,
30420,0.7419,24.09,25.9,74.5998,41.12,22567.65,732750.876,762932.079,788013.369,2269324.395,3076885.012,1250884.393,135306.396,2171551.301,17.87,18.606,19.218,55.343,75.038,30.506,3.3,623.981,1796.944,2436.403,990.501,1870.958,1031.299,1790.348,1932.465,2620.152,1065.203,7545.524,3067.576,5325.351,4159.202,2935.411,1.122,0.0272904,1.576,
30450,0.6284,23.86,25.55,22.9346,38.51,19134.763,726566.232,748072.154,778138.179,698358.57,3080843.414,1172506.178,107229.431,2215812.284,14.994,15.438,16.059,14.412,63.58,24.197,2.213,609.758,547.242,2414.183,918.789,563.44,945.985,1787.73,586.085,2585.543,984.005,2320.457,883.119,1668.925,3895.921,2802.035,0.734,0.0190659,1.101,
30480,0.4699,23.73,25.19,6.4153,42.11,14323.468,723379.706,735066.653,767846.674,195538.192,3084615.821,1283413.74,114146.442,2216975.527,11.153,11.333,11.838,3.015,47.558,19.787,1.76,597.876,152.254,2401.804,999.317,154.714,1015.462,1754.114,161.613,2549.445,1060.746,649.236,270.127,466.619,4261.258,3062.652,1.093,0.0259561,1.499,
30510,0.4282,23.09,24.9,0,25.59,13064.241,704480.171,725831.069,759764.291,0,3088194.644,780648.386,126690.365,2347180.803,9.887,10.187,10.663,0,43.342,10.956,1.778,574.994,0,2337.163,590.799,0,608.705,1830.196,0,2520.572,637.162,0,0,0,2589.857,1968.419,0.109,0.00424483,0.245,
30540,0.2574,23.08,24.57,0,29.18,7860.356,704879.081,716607.662,750400.783,0,3091765.462,891085.126,84994.042,2332632.891,5.94,6.039,6.324,0,26.056,7.51,0.716,567.113,0,2336.593,673.435,0,684.64,1792.214,0,2487.492,716.926,0,0,0,2953.845,2228.576,0.299,0.0102385,0.591,
30570,0.2637,23.17,24.33,0,38.77,8061.479,708388.522,711524.087,743680.364,0,3095877.182,1185227.942,70309.533,2317001.403,6.111,6.138,6.415,0,26.706,10.224,0.607,563.725,0,2346.737,898.426,0,902.403,1764.107,0,2463.651,943.186,0,0,0,3926.402,2938.579,0.94,0.0242335,1.399,
30600,0.1846,23.46,24.12,0,27.77,5649.493,717935.364,707532.588,738179.1,0,3099710.242,849773.016,73130.236,2242177.358,4.332,4.269,4.454,0,18.702,5.127,0.441,565.984,0,2376.641,651.547,0,642.106,1694.235,0,2443.656,669.918,0,0,0,2813.074,2034.839,0.278,0.0100276,0.579,
30630,0.105,23.7,23.95,0,45.66,3217.133,725832.371,704302.544,733682.534,0,3103299.364,1398689.545,82771.326,2206347.259,2.489,2.415,2.516,0,10.641,4.796,0.284,567.611,0,2400.855,1082.091,0,1049.993,1656.3,0,2426.822,1093.794,0,0,0,4626.483,3289.283,0.56,0.0122723,0.709,
30660,0.0534,23.68,23.85,0,48.49,1637.227,726012.857,702713.71,731113.761,0,3106834.707,1486842.29,76181.086,2213792.487,1.264,1.224,1.273,0,5.411,2.59,0.133,564.657,0,2399.486,1148.325,0,1111.473,1654.897,0,2416.344,1156.393,0,0,0,4914.041,3501.527,0.708,0.0145947,0.843,
30690,0.0725,23.61,23.77,0,42.23,2224.445,724621.897,703031.789,729365.65,0,3110261.351,1296175.271,56963.187,2259326.716,1.711,1.66,1.723,0,7.346,3.061,0.135,561.129,0,2392.845,997.198,0,967.487,1686.399,0,2408.51,1003.726,0,0,0,4280.227,3109.202,1.219,0.028864,1.667,
30720,0.0021,23.63,23.71,0,15.85,63.68,725985.178,703429.018,728385.638,0,3113460.664,486798.643,76853.361,2258094.742,0.049,0.047,0.049,0,0.21,0.033,0.005,560.334,0,2395.128,374.485,0,362.85,1683.139,0,2403.047,375.723,0,0,0,1606.018,1164.794,0.192,0.0121214,0.7,
30750,-0.0225,23.83,23.58,0,27.67,-692.457,732778.343,700326.33,725174.483,0,3116095.88,850927.838,75843.953,2199688.947,-0.537,-0.513,-0.531,0,-2.282,-0.623,-0.056,561.985,0,2414.867,659.44,0,630.236,1629.189,0,2389.808,652.597,0,0,0,2804.228,1979.538,0.987,0.0356795,2.06,
30780,-0.0222,23.76,23.54,0,30.35,-683.71,731346.959,700656.836,724700.326,0,3118608.563,934281.346,70411.035,2206625.185,-0.528,-0.506,-0.523,0,-2.251,-0.674,-0.051,559.429,0,2407.394,721.214,0,690.949,1631.912,0,2385.515,714.659,0,0,0,3075.398,2176.051,0.506,0.0166834,0.963,
30810,-0.1095,23.56,23.46,0,40.72,-3372.391,725952.614,699153.152,722772.714,0,3121355.6,1254581.66,83061.603,2263740.752,-2.579,-2.484,-2.568,0,-11.089,-4.457,-0.295,552.747,0,2387.086,959.453,0,924.034,1667.307,0,2376.63,955.251,0,0,0,4125.331,2991.867,0.574,0.0140846,0.813,
30840,-0.1216,23.29,23.41,0,38,-3750.161,718136.231,698804.177,721811.434,0,3123584,1171825.013,86800.599,2316572.327,-2.832,-2.755,-2.846,0,-12.316,-4.62,-0.342,545.007,0,2358.475,884.791,0,860.973,1702.051,0,2370.545,889.319,0,0,0,3848.462,2854.17,0.942,0.0247891,1.431,
30870,-0.2211,23.24,23.35,0,58.86,-6825.059,717504.927,697655.209,720836.109,0,3126605.42,1817035.366,100030.623,2298973.874,-5.139,-4.997,-5.163,0,-22.393,-13.014,-0.716,542.735,0,2354.099,1368.091,0,1330.243,1683.068,0,2365.028,1374.443,0,0,0,5961.605,4383.532,0.898,0.0152641,0.881,
30900,-0.2323,23.14,23.26,0,50.82,-7178.528,714910.125,695288.316,718665.711,0,3129171.381,1570233.249,85740.455,2337635.673,-5.375,-5.227,-5.403,0,-23.526,-11.805,-0.645,538.098,0,2342.954,1175.706,0,1143.437,1702.256,0,2355.262,1181.882,0,0,0,5146.08,3844.36,0.364,0.00717036,0.414,
30930,-0.2616,22.84,23.21,0,49.01,-8091.305,706490.997,695620.958,717925.2,0,3131333.881,1515754.034,75037.108,2408700.209,-5.975,-5.883,-6.072,0,-26.484,-12.82,-0.635,530.183,0,2312.47,1119.375,0,1102.152,1751.441,0,2349.897,1137.491,0,0,0,4961.332,3816.38,0.359,0.00732572,0.423,
30960,-0.1948,22.6,23.19,0,46.36,-6029.888,699584.544,695861.604,717930.511,0,3133686.315,1435426.963,64858.909,2460980.729,-4.401,-4.378,-4.516,0,-19.713,-9.03,-0.408,523.987,0,2287.146,1047.658,0,1042.082,1786.608,0,2347.124,1075.132,0,0,0,4692.829,3685.424,1.397,0.0301374,1.74,
30990,-0.1575,22.81,23.11,0,41.86,-4881.511,706867.335,693730.364,716245.529,0,3136347.829,1297188.407,84383.353,2393053.263,-3.593,-3.526,-3.641,0,-15.942,-6.593,-0.429,527.177,0,2308.442,954.768,0,937.024,1728.622,0,2339.069,967.435,0,0,0,4236.275,3232.305,1.273,0.0304183,1.756,
31020,-0.2737,22.43,23,0,49.02,-8491.52,695676.544,691950.112,713353.291,0,3138969.416,1520646.62,74982.878,2447621.359,-6.139,-6.106,-6.295,0,-27.701,-13.419,-0.662,515.737,0,2269.399,1099.391,0,1093.502,1760.092,0,2327.063,1127.326,0,0,0,4960.572,3868.022,0.236,0.00480591,0.278,
31050,-0.3307,22.58,23.02,0,49,-10267.682,701144.087,689226.786,714695.549,0,3142507.833,1521359.955,89501.656,2404070.247,-7.467,-7.34,-7.612,0,-33.468,-16.202,-0.953,519.763,0,2285.391,1106.41,0,1087.604,1718.645,0,2329.562,1127.794,0,0,0,4958.898,3793.638,0.459,0.00936744,0.541,
31080,-0.4206,22.73,22.83,0,49.5,-13071.631,706527.343,684330.007,709688.801,0,3145733.399,1538350.288,100329.068,2363298.07,-9.561,-9.26,-9.604,0,-42.569,-20.817,-1.358,519.081,0,2300.853,1125.18,0,1089.83,1674.257,0,2311.148,1130.215,0,0,0,5009.739,3763.672,1.096,0.0221425,1.279,
31110,-0.4754,22.7,22.8,0,45.42,-14788.949,706334.195,685376.633,709432.129,0,3148329.867,1413003.756,72389.89,2363338.107,-10.793,-10.473,-10.84,0,-48.108,-21.591,-1.106,517.751,0,2297.685,1031.225,0,1000.628,1673.613,0,2307.762,1035.748,0,0,0,4596.46,3450.398,0.527,0.0115958,0.67,
31140,-0.5711,22.94,22.74,0,17.45,-17783.753,714353.157,685824.869,708099.934,0,3151422.914,543353.452,70530.169,2305564.42,-13.101,-12.578,-12.986,0,-57.795,-9.965,-1.293,521.639,0,2321.574,400.275,0,384.289,1630.622,0,2301.251,396.771,0,0,0,1765.842,1291.881,0.071,0.00409162,0.236,
31170,-0.6619,23.03,22.71,0,13.22,-20631.631,717761.876,686757.077,708004.731,0,3155486.678,411958.928,60473.198,2329951.312,-15.242,-14.584,-15.035,0,-67.008,-8.748,-1.284,523.05,0,2331.166,304.341,0,291.195,1646.935,0,2299.476,300.204,0,0,0,1337.971,987.932,0.208,0.0157666,0.91,
31200,-0.7384,23.42,22.66,0,52.63,-23039.243,730837.224,685678.656,707047.536,0,3160456.864,1641946.488,119643.826,2256434.999,-17.297,-16.229,-16.734,0,-74.801,-38.861,-2.832,530.836,0,2372.801,1232.737,0,1156.566,1589.404,0,2295.563,1192.61,0,0,0,5330.889,3806.034,0.635,0.01207,0.697,
31230,-0.8213,22.82,22.64,0,56.79,-25649.025,712597.083,686652.761,707018.468,0,3164403.626,1773609.476,111501.5,2417214.992,-18.74,-18.058,-18.593,0,-83.218,-46.643,-2.932,516.572,0,2312.022,1295.86,0,1248.68,1701.8,0,2293.922,1285.715,0,0,0,5754.478,4395.713,1.731,0.0304813,1.76,
31260,-0.736,22.39,22.7,22.5745,32.26,-23006.994,699788.548,692081.083,709491.027,705677.62,3168037.874,1008331,93420.51,2573290.091,-16.476,-16.294,-16.704,-16.615,-74.589,-23.74,-2.2,508.084,505.353,2268.711,722.091,499.787,714.138,1822.501,512.36,2300.167,732.103,2287.804,728.168,1858.306,3269.005,2655.302,1.142,0.0354143,2.045,
31290,-0.8713,22.54,22.73,91.4967,21.35,-27262.803,705292.245,699398.774,711215.442,2862930.804,3171919.323,668023.665,78627.077,2577304.431,-19.639,-19.475,-19.804,-79.721,-88.325,-18.602,-2.189,512.341,2062.381,2284.968,481.227,2045.147,477.206,1841.109,2079.701,2304.158,485.268,9275.17,1953.402,7536.426,2164.227,1758.516,0.528,0.0247409,1.429,
31320,-1.2132,23.48,22.74,199.7294,29.1,-37998.464,735249.215,715304.952,712357.114,6255524.808,3176331.557,911408.242,87403.252,2428866.396,-28.481,-27.709,-27.594,-242.318,-123.041,-35.305,-3.386,533.936,4688.726,2380.767,683.131,4561.54,664.601,1771.134,4542.741,2306.641,661.862,20255.645,5812.102,15489.017,2951.177,2256.696,0.49,0.0168226,0.971,
31350,-1.2608,23.54,23.17,173.9115,45.7,-39525.585,738086.217,736494.264,726417.434,5452125.525,3179775.881,1432713.183,112971.073,2423425.635,-29.683,-29.619,-29.214,-219.265,-127.879,-57.619,-4.543,545.53,4094.471,2387.968,1075.948,4085.64,1073.627,1816.034,4029.74,2350.215,1058.938,17639.54,7947.856,13443.751,4635.33,3532.758,1.27,0.0277949,1.605,
31380,-1.4513,23.82,23.52,416.1681,58.82,-45541.619,747455.282,759559.49,737913.566,13059354.98,3182550.601,1845712.606,143758.527,2361296.864,-34.569,-35.129,-34.128,-603.982,-147.19,-85.362,-6.649,560.125,9912.908,2415.765,1401.017,10073.436,1423.705,1821.405,9786.364,2384.926,1383.132,42207.649,24478.225,31316.011,5965.317,4425.973,-0.758,-0.0128804,-0.744,
31410,-1.5098,24.42,24.02,516.975,65.02,-47421.681,766925.092,798368.072,754490.815,16238184.75,3185195.985,2042201.56,171731.568,2218690.019,-36.863,-38.375,-36.266,-780.51,-153.101,-98.161,-8.255,586.504,12622.767,2476.015,1587.507,13140.284,1652.593,1795.411,12418.112,2435.871,1561.769,52424.919,33612.453,36517.264,6593.24,4592.608,-0.865,-0.0133023,-0.768,
31440,-1.5836,24.82,24.7,490.6827,60.55,-49789.684,780276.977,827885.94,776633.395,15427064.09,3188340.497,1903545.804,150826.672,2164046.605,-39.303,-41.701,-39.119,-777.065,-160.598,-95.882,-7.597,613.055,12177.749,2516.798,1502.613,12920.78,1594.295,1812.475,12120.883,2505.046,1495.596,49760.29,29708.556,33774.18,6139.923,4167.397,-0.697,-0.011519,-0.665,
31470,-1.8181,24.92,25.09,687.0513,60.53,-57216.588,784240.268,842647.014,789487.575,21621504.41,3189997.566,1904746.611,132584.935,2219799.473,-45.308,-48.683,-45.611,-1249.149,-184.297,-110.044,-7.66,625.174,17121.49,2526.074,1508.318,18396.623,1620.651,1888.713,17236.049,2542.975,1518.41,69643.85,41584.323,48462.539,6135.276,4269.308,0.653,0.0107926,0.623,
31500,-2.0253,25.97,25.79,780.3328,61.13,-63796.131,818054.055,896866.74,812384.37,24580483.2,3192172.092,1925522.55,152283.978,2059333.846,-52.596,-57.664,-52.232,-1580.388,-205.239,-123.8,-9.791,669.765,20265.219,2631.766,1587.485,22217.604,1740.425,1861.374,20124.767,2613.526,1576.482,79077.987,47699.949,51014.786,6194.608,3996.265,0.646,0.0105756,0.611,
31530,-2.0996,26.3,26.66,824.9664,65.63,-66199.118,829372.372,932979.952,840624.168,26011190.59,3194108.977,2069376.645,161161.938,2039191.011,-55.227,-62.126,-55.977,-1732.066,-212.693,-137.798,-10.732,701.299,21700.106,2664.719,1726.399,24410.946,1942.066,1913.737,21994.503,2700.87,1749.82,83572.235,54144.187,53354.395,6648.77,4244.725,2.045,0.0311599,1.799,
31560,-2.3949,25.92,27.52,728.1242,59.25,-75581.966,818049.718,939600.533,868481.966,22979599.75,3195134.133,1869958.72,156178.005,2041735.274,-62.076,-71.3,-65.903,-1743.76,-242.456,-141.898,-11.851,713.291,18873.314,2624.187,1535.811,21677.626,1764.011,1926.055,20036.842,2785.967,1630.493,73715.288,43142.021,47105.097,5998.562,3833.165,1.198,0.0202257,1.168,
31590,-2.4946,26.67,27.95,1089.9522,61.76,-78803.142,842530.572,973096.465,883056.119,34431590,3196533.253,1951116.231,177624.347,1958976.439,-66.532,-76.842,-69.732,-2718.951,-252.42,-154.073,-14.026,745.546,29069.897,2698.769,1647.288,33574.822,1902.566,1910.231,30468.153,2828.579,1726.522,110290.233,67319.513,67590.715,6249.757,3830.126,1.914,0.0309813,1.789,
31620,-2.5619,26.5,28.65,787.7194,57.26,-81007.489,838008.734,997800.72,906036.634,24907687.43,3198259.922,1810479.62,180871.269,1997552.162,-67.897,-80.844,-73.409,-2018.064,-259.129,-146.688,-14.655,759.4,20876.526,2680.64,1517.464,24857.273,1806.815,1993.509,22571.241,2898.25,1640.649,79675.249,45102.781,49763.143,5791.401,3617.163,2.096,0.03661,2.114,
31650,-2.736,25.72,29.17,420.5704,49.55,-86594.03,814059.206,970699.803,923151.692,13311053.16,3200020.932,1568328.713,172729.812,2109075.486,-70.371,-83.912,-79.802,-1150.676,-276.626,-135.574,-14.932,750.208,10817.352,2600.527,1274.517,12898.818,1519.759,2043.759,12266.991,2949.025,1445.316,42522.404,20840.21,28025.742,5010.055,3302.036,1.663,0.0335674,1.938,
31680,-2.8884,25.6,28.7,509.3495,57,-91505.693,811008,930657.974,909078.509,16136192.16,3201476.01,1805740.042,155136.612,2137250.119,-73.944,-84.853,-82.886,-1471.224,-291.896,-164.639,-14.145,734.609,13039.347,2587.051,1459.184,14963.074,1674.461,1981.87,14616.12,2899.888,1635.635,51473.176,29032.601,34362.604,5760.168,3845.389,1.605,0.0281501,1.625,
