del_t,h,Ta,Ts,SR,WD,del_t*h,del_t*Ta,del_t*Tf,del_t*Ts,del_t*SR,del_t*Pr,del_t*WD,del_t*WS,del_t*RH,h*Ta,h*Tf,h*Ts,h*SR,h*Pr,h*WD,h*WS,Ta*Ts,Ta*SR,Ta*Pr,Ta*WD,Tf*SR,Tf*WD,Tf*RH,Ts*SR,Ts*Pr,Ts*WD,SR*Pr,SR*WD,SR*RH,Pr*WD,WD*RH,WS*RH,CH4 µmol/m^2/sec,CH4 mg/m^2/h
74880,-6.4389,26.34,28.91,182.3866,38.97,-482146.86,1972355.674,2224600.934,2164635.533,13657108.61,7558403.572,2917794.298,199878.307,5845334.737,-169.603,-191.293,-186.137,-1174.374,-649.947,-250.901,-17.188,761.445,4804.103,2658.788,1026.38,5418.502,1157.644,2319.155,5272.443,2917.986,1126.439,18410.143,7106.925,14237.59,3933.264,3041.812,0.017,0.000447948,0.026
74910,-6.1811,25.86,28.75,351.9491,50.32,-463025.478,1936919.404,2171380.962,2153544.891,26364507.08,7558969.219,3769301.154,130887.921,6145612.673,-159.822,-179.168,-177.697,-2175.429,-623.717,-311.018,-10.8,743.337,9100.214,2609.123,1301.046,10201.783,1458.536,2378.053,10117.984,2900.928,1446.556,35514.249,17709.28,28873.887,5077.429,4128.064,-0.729,-0.0144914,-0.837
74940,-6.4139,26.74,28.45,400.5432,64.44,-480656.636,2003537.387,2179621.657,2132043.749,30016707.41,7560598.623,4829128.354,224570.15,5859599.53,-171.477,-186.547,-182.475,-2569.039,-647.089,-413.31,-19.22,760.617,10708.611,2697.281,1722.816,11649.755,1874.228,2274.163,11395.458,2870.284,1833.317,40410.28,25810.976,31318.692,6501.26,5038.593,0.482,0.00747286,0.432
74970,-6.457,27.01,28.44,259.6833,53.02,-484078.118,2025303.305,2186928.878,2132006.606,19468457,7567041.271,3974762.459,201758.664,5645820.905,-174.434,-188.354,-183.624,-1676.764,-651.728,-342.335,-17.377,768.252,7015.305,2726.724,1432.274,7575.149,1546.574,2196.781,7384.907,2870.382,1507.734,26210.941,13767.9,19556.161,5351.336,3992.669,5.157,0.0972612,5.616
75000,-6.4711,25.71,28.58,117.9566,51.58,-485331.776,1928095.5,2147908.5,2143779.75,8846745,7575319.398,3868449,283229.175,5909931.803,-166.358,-185.324,-184.968,-763.308,-653.608,-333.774,-24.437,734.829,3032.421,2596.611,1325.998,3378.133,1477.169,2256.71,3371.64,2887.078,1474.329,11914.119,6084.121,9294.873,5209.731,4064.404,1.084,0.021009,1.213
75030,-6.6306,24.18,28.33,97.2565,25.48,-497494.725,1814233.653,2080545.886,2125262.265,7297152.194,7578556.072,1911666.861,190032.233,6486513.979,-160.329,-183.864,-187.815,-644.87,-669.738,-168.939,-16.794,684.914,2351.672,2442.361,616.078,2696.875,706.512,2397.28,2754.838,2861.074,721.697,9823.584,2477.968,8408.042,2573.527,2202.692,0.563,0.0220822,1.275
75060,-6.8237,24.35,27.69,101.4764,23.13,-512183.287,1827338.702,2043792.227,2078627.573,7616818.584,7583245.13,1736051.481,92908.517,6445510.87,-166.122,-185.8,-188.967,-692.44,-689.387,-157.823,-8.446,674.184,2470.447,2459.558,563.073,2763.079,629.77,2338.175,2810.174,2797.787,640.504,10252.071,2347.032,8713.925,2336.687,1986.108,0.145,0.00628655,0.363
75090,-6.8941,24.65,27.41,43.3546,83.15,-517679.542,1851220.052,2024869.431,2058188.366,3255495.412,7586986.915,6243858.149,42498.447,6320974.697,-169.963,-185.906,-188.965,-298.892,-696.572,-573.258,-3.902,675.739,1068.836,2490.939,2049.967,1169.095,2242.259,2269.953,1188.333,2769.429,2279.155,4380.485,3605.005,3649.53,8401.526,6999.594,0.727,0.00874802,0.505
75120,-6.815,24.6,27.13,5.9932,148.83,-511945.754,1848000.828,1998551.074,2038000.342,450208.057,7590756.33,11179801.61,56406.489,6286282.083,-167.654,-181.313,-184.892,-40.844,-688.649,-1014.254,-5.117,667.414,147.436,2485.856,3661.214,159.447,3959.48,2226.373,162.595,2741.436,4037.636,605.602,891.941,501.529,15038.62,12454.228,-1.26,-0.00846919,-0.489
75150,-6.9545,24.3,26.97,0,286.89,-522630.563,1826423.055,1975478.571,2026821.803,0,7595766.882,21559700.84,47475.765,6482049.789,-169.02,-182.814,-187.565,0,-702.924,-1995.168,-4.393,655.479,0,2456.49,6972.462,0,7541.489,2267.393,0,2726.021,7737.494,0,0,0,28997.222,24745.551,-15.146,-0.0527927,-3.048
75180,-7.0144,24.48,26.66,0,276.28,-527344.628,1840310.921,1947776.972,2004595.009,0,7599537.602,20770557.49,53466.663,6363768.714,-171.704,-181.731,-187.032,0,-709.05,-1937.93,-4.989,652.699,0,2474.422,6762.927,0,7157.852,2193.052,0,2695.313,7366.652,0,0,0,27927.411,23386.105,6.777,0.0245303,1.416
75210,-7.1381,24.86,26.51,0,318.61,-536858.077,1869858.234,1932683.404,1994153.289,0,7603454.068,23962838.6,52519.421,6138132.663,-177.467,-183.429,-189.263,0,-721.638,-2274.294,-4.985,659.198,0,2513.439,7921.287,0,8187.434,2097.229,0,2680.515,8447.839,0,0,0,32210.54,26002.994,-2.716,-0.00852295,-0.492
75240,-7.2125,24.8,26.21,0,351.66,-542666.852,1866040.031,1916253.702,1971783.832,0,7609950.777,26459267.08,68985.367,6164930.612,-178.878,-183.691,-189.014,0,-729.487,-2536.375,-6.613,649.954,0,2508.449,8721.701,0,8956.395,2086.813,0,2650.596,9215.938,0,0,0,35568.216,28814.324,-2.71,-0.00770522,-0.445
75270,-7.3073,24.89,26.08,0,9.78,-550023.124,1873704.39,1911217.452,1962825.575,0,7614898.604,736211.73,58894.996,6153751.041,-181.902,-185.544,-190.554,0,-739.267,-71.473,-5.718,649.141,0,2518.381,243.478,0,248.353,2075.899,0,2638.165,255.059,0,0,0,989.516,799.648,0.118,0.0120608,0.696
75300,-7.3913,24.74,25.96,0,355.92,-556562.933,1862588.421,1902894.252,1954723.995,0,7619751.256,26800414.56,117898.49,6177455.451,-182.827,-186.784,-191.871,0,-747.937,-2630.667,-11.573,642.114,0,2503.04,8803.765,0,8994.276,2073.167,0,2626.856,9239.256,0,0,0,36015.741,29198.543,1.725,0.00484589,0.28
75330,-7.5255,24.37,25.84,0,342.48,-566898.877,1835607.542,1890697.124,1946891.044,0,7624133.476,25798980.74,120645.891,6363118.821,-183.379,-188.882,-194.496,0,-761.658,-2577.343,-12.053,629.775,0,2466.235,8345.386,0,8595.845,2120.099,0,2615.75,8851.324,0,0,0,34662.278,28929.215,-3.167,-0.00924808,-0.534
75360,-7.4778,24.27,25.81,0,7.33,-563525.819,1829324.813,1883954.03,1944716.798,0,7626738.449,552360.163,146650.032,6314641.563,-181.519,-186.94,-192.969,0,-756.782,-54.809,-14.552,626.42,0,2456.676,177.923,0,183.236,2094.774,0,2611.641,189.146,0,0,0,741.787,614.171,0.04,0.00541409,0.313
75390,-7.5828,24.15,25.63,0,358.24,-571670.718,1820490.58,1868890.206,1931950.925,0,7630150.227,27007600.52,94682.452,6351480.862,-183.108,-187.976,-194.319,0,-767.453,-2716.467,-9.523,618.81,0,2443.96,8650.614,0,8880.6,2088.485,0,2593.592,9180.252,0,0,0,36256.978,30180.992,3.319,0.00926439,0.535
75420,-7.6224,24.05,25.39,0,335.76,-574879.602,1813601.36,1854367.378,1914954.527,0,7633291.072,25322951.32,57729.432,6404480.863,-183.293,-187.413,-193.536,0,-771.464,-2559.282,-5.834,610.558,0,2433.776,8073.895,0,8255.38,2087.885,0,2569.788,8525.105,0,0,0,33982.325,28511.837,4.184,0.0124607,0.72
75450,-7.7451,24.17,25.29,0,34.46,-584370.146,1823707.986,1847170.673,1908270.837,0,7634950.006,2600341.998,122237.979,6342336.533,-187.208,-189.617,-195.889,0,-783.747,-266.932,-12.548,611.332,0,2445.924,833.043,0,843.76,2057.964,0,2559.338,871.67,0,0,0,3487.532,2897.085,0.384,0.0111414,0.643
75480,-7.7229,24.01,25.15,0,337.67,-582924.995,1812618.234,1838983.398,1898592.218,0,7634624.775,25487331.6,86211.294,6425515.822,-185.462,-188.16,-194.259,0,-781.154,-2607.794,-8.821,604.052,0,2429.015,8108.993,0,8226.941,2074.063,0,2544.226,8493.609,0,0,0,34154.528,28745.415,11.345,0.0335982,1.94
75510,-7.8145,24.14,25.08,0,346.86,-590070.471,1822972.236,1841642.839,1893610.331,0,7634599.842,26191557.17,83032.759,6361637.656,-188.658,-190.59,-195.968,0,-790.098,-2710.543,-8.593,605.427,0,2440.942,8373.99,0,8459.755,2054.78,0,2535.525,8698.472,0,0,0,35070.234,29222.765,-3.065,-0.00883585,-0.51
75540,-7.7953,24.13,24.91,0,349.74,-588854.999,1822405.522,1841351.709,1881607.73,0,7636081.119,26419382.26,64794.095,6374051.945,-188.061,-190.016,-194.171,0,-787.998,-2726.321,-6.686,600.925,0,2438.718,8437.499,0,8525.217,2056.83,0,2517.942,8711.597,0,0,0,35354.055,29511.025,-3.028,-0.00865842,-0.5
75570,-7.8046,23.7,24.98,0,6.57,-589796.748,1790741.482,1846506.852,1887407.603,0,7636422.233,496331.744,56334.049,6598281.253,-184.942,-190.702,-194.926,0,-788.667,-51.26,-5.818,591.834,0,2394.55,155.635,0,160.481,2133.452,0,2523.811,164.036,0,0,0,663.687,573.461,-0.056,-0.00859598,-0.496
75600,-7.6724,23.56,25.01,0,355.43,-580033.173,1780820.748,1845606.168,1890441.504,0,7638247.059,26870160.24,82017.986,6650241.811,-180.73,-187.305,-191.855,0,-775.181,-2726.965,-8.324,589.033,0,2379.964,8372.34,0,8676.922,2147.499,0,2526.465,8887.711,0,0,0,35910.41,31265.408,-3.13,-0.00880506,-0.508
75630,-7.4985,23.5,24.84,0,355,-567110.67,1777270.967,1831605.827,1878338.361,0,7641290.549,26848324.79,109225.678,6698606.378,-176.211,-181.598,-186.232,0,-757.611,-2661.931,-10.829,583.632,0,2374.281,8342.239,0,8597.279,2145.005,0,2509.299,8816.634,0,0,0,35867.054,31442.238,-3.26,-0.00918388,-0.53
75660,-7.0179,23.25,24.8,0,1.53,-530973.274,1759046.578,1829372.548,1876128.914,0,7644007.172,115824.338,139834.131,6808985.017,-163.161,-169.684,-174.021,0,-709.024,-10.743,-12.97,576.511,0,2348.907,35.591,0,37.014,2175.965,0,2505.25,37.96,0,0,0,154.664,137.768,-0.014,-0.0092694,-0.535
75690,-6.1488,23.08,24.85,0,0.34,-465403.795,1746777.605,1830586.871,1881236.348,0,7647336.47,26018.438,56133.339,6854456.241,-141.903,-148.711,-152.826,0,-621.245,-2.114,-4.56,573.593,0,2331.69,7.933,0,8.314,2190.213,0,2511.173,8.544,0,0,0,34.731,31.13,-0.003,-0.00939041,-0.542
75720,-4.187,23.05,24.73,0,28.35,-317040.299,1745043.877,1827157.674,1872729.756,0,7650131.587,2146283.4,77918.303,6872793.045,-96.494,-101.034,-103.554,0,-423.021,-118.681,-4.309,569.981,0,2328.381,653.239,0,683.978,2190.222,0,2498.75,701.037,0,0,0,2863.748,2572.759,-0.279,-0.00982752,-0.567
75750,-3.8539,22.95,24.81,0,36.2,-291934.976,1738729.14,1830707.82,1879411.283,0,7654406.479,2742416.64,134828.183,6815987.971,-88.461,-93.141,-95.619,0,-389.433,-139.526,-6.86,569.493,0,2319.413,830.998,0,874.958,2174.616,0,2507.079,898.235,0,0,0,3658.303,3257.594,-0.345,-0.0095393,-0.551
75780,-3.084,23.17,24.77,0,31.73,-233707.727,1756128.751,1831656.404,1876740.199,0,7659209.983,2404439.534,94583.064,6732607.577,-71.469,-74.543,-76.378,0,-311.708,-97.854,-3.849,573.92,0,2342.239,735.294,0,766.918,2147.426,0,2503.104,785.794,0,0,0,3206.924,2818.954,-0.299,-0.00941472,-0.544
75810,-2.6618,23.03,24.68,0,327.79,-201794.503,1745883.073,1829330.173,1871088.595,0,7665330.905,24850131.37,104312.741,6797298.738,-61.302,-64.232,-65.698,0,-269.146,-872.539,-3.663,568.403,0,2328.59,7549.025,0,7909.842,2163.592,0,2495.584,8090.401,0,0,0,33144.128,29390.844,-3.396,-0.01036,-0.598
75840,-2.0886,23.05,24.67,0,344.13,-158402.561,1747824.566,1828354.512,1871076.701,0,7670774.998,26098682.69,124047.089,6850418.172,-48.135,-50.353,-51.53,0,-211.254,-718.76,-3.416,568.582,0,2330.99,7930.851,0,8296.26,2177.614,0,2495.366,8490.114,0,0,0,34806.566,31084.152,-3.518,-0.0102218,-0.59
75870,-1.9985,23,24.6,0,274.6,-151628.404,1745174.638,1825274.39,1866334.476,0,7674923.999,20834137.2,167597.361,6886387.089,-45.971,-48.08,-49.162,0,-202.169,-548.802,-4.415,565.833,0,2326.874,6316.467,0,6606.379,2183.632,0,2488.418,6754.992,0,0,0,27778.541,24924.519,-2.825,-0.0102878,-0.594
75900,-1.9321,23.08,24.6,16.4974,240.45,-146646.431,1751698.377,1828686.783,1866849.303,1252154.178,7680498.6,18250496.55,356504.349,6891852.744,-44.591,-46.551,-47.522,-31.875,-195.514,-464.582,-9.075,567.656,380.744,2335.421,5549.457,397.478,5793.359,2187.72,405.773,2488.944,5914.26,1669.413,3966.879,1497.995,24332.154,21833.689,-2.358,-0.00980701,-0.566
75930,-1.7152,23.21,24.63,48.652,333.72,-130234.558,1762598.777,1837162.796,1870121.732,3694147.879,7687112.843,25339587.39,105434.576,6883180.746,-39.816,-41.5,-42.244,-83.448,-173.645,-572.399,-2.382,571.737,1129.382,2350.119,7746.869,1177.159,8074.588,2193.36,1198.277,2493.483,8219.447,4925.505,16236.298,4410.387,33785.939,30252.545,3.814,0.0114276,0.66
75960,-0.7274,23.34,24.64,68.5494,29.93,-55255.361,1773056.801,1853695.937,1871282.956,5207008.626,7690661.936,2273690.93,142158.077,6859990.475,-16.98,-17.752,-17.92,-49.865,-73.649,-21.774,-1.361,575.032,1600.078,2363.287,698.689,1672.85,730.466,2203.901,1688.721,2494.211,737.396,6940.362,2051.87,6190.73,3030.576,2703.243,0.432,0.0144458,0.834
75990,-0.3829,23.34,24.8,144.463,330.15,-29095.527,1773314.039,1876499.34,1884893.195,10977743.37,7694332.217,25088030.11,95008.625,6900232.238,-8.935,-9.455,-9.497,-55.313,-38.769,-126.41,-0.479,578.841,3371.21,2362.891,7704.409,3567.374,8152.712,2242.328,3583.331,2511.567,8189.18,14627.534,47694.329,13117.887,33429.094,29979.016,2.584,0.00782809,0.452
76020,-0.0436,23.64,24.97,127.9248,352.71,-3312.186,1796985.086,1907832.889,1898152.502,9724843.296,7698281.25,26812831.75,144925.668,6778613.704,-1.03,-1.093,-1.088,-5.574,-4.412,-15.367,-0.083,590.228,3023.927,2393.771,8337.415,3210.46,8851.712,2237.822,3194.17,2528.536,8806.798,12954.5,45120.049,11406.903,35717.473,31450.521,3.231,0.00915918,0.529
76050,0.0336,23.84,25.17,259.2679,331.35,2557.877,1812831.228,1934273.952,1914303.222,19717323.8,7701951.513,25199258.76,158289.329,6829109.353,0.802,0.855,0.847,8.72,3.406,11.145,0.07,600.025,6180.262,2414.125,7898.538,6594.282,8427.666,2283.934,6526.198,2549.254,8340.653,26257.315,85908.73,23281.642,33557.539,29754.551,45.85,0.138373,7.99
76080,0.3815,23.97,25.47,158.7596,24.86,29026.963,1823414.686,1967281.205,1937655.653,12078430.37,7704044.056,1891231.637,176891.478,6735525.076,9.144,9.866,9.717,60.572,38.635,9.484,0.887,610.409,3805.002,2426.963,595.784,4105.215,642.792,2289.269,4043.394,2579.018,633.112,16076.38,3946.519,14055.327,2517.228,2200.773,0.161,0.00646707,0.373
76110,0.809,24.21,25.63,428.4392,28.2,61573.104,1842613.967,1991332.907,1950518.919,32608507.51,7704127.274,2146191.641,196445.466,6760103.443,19.586,21.167,20.733,346.608,81.89,22.813,2.088,620.442,10372.462,2450.611,682.684,11209.632,737.783,2323.88,10979.881,2594.121,722.662,43368.153,12081.364,38054.044,2854.358,2504.6,0.123,0.00437198,0.252
76140,0.8273,25.14,25.9,409.9254,37.9,62990.425,1913936.51,2063053.654,1972195.031,31211719.96,7706477.29,2885767.673,241012.338,6387336.506,20.796,22.416,21.429,339.13,83.735,31.355,2.619,651.106,10304.323,2544.238,952.715,11107.146,1026.943,2273.027,10617.978,2621.682,981.715,41490.423,15536.505,34388.383,3836.114,3179.475,0.229,0.00603995,0.349
76170,0.9923,24.6,26.54,238.5475,44.04,75584.848,1873442.282,2080815.869,2021753.651,18170163.08,7706921.758,3354807.867,251127.006,6506601.262,24.407,27.108,26.339,236.715,100.403,43.705,3.272,652.831,5867.205,2488.59,1083.278,6516.653,1203.188,2333.565,6331.683,2685.6,1169.036,24136.365,10506.512,20377.228,4456.364,3762.304,3.393,0.0770262,4.448
76200,0.9656,25.01,26.54,373.0065,54.4,73575.102,1906078.23,2074224.96,2022595.65,28423095.3,7706743.532,4145308.194,229005.536,6271288.251,24.152,26.283,25.629,360.157,97.654,52.526,2.902,663.957,9330.441,2529.89,1360.779,10153.535,1480.822,2240.282,9900.805,2684.541,1443.963,37725.268,20291.692,30698.573,5501.965,4477.171,0.178,0.00327714,0.189
76230,0.8697,24.97,26.81,252.1283,58.77,66297.656,1903670.446,2093579.195,2043451.11,19219740.31,7707408.616,4480089.699,233302.601,6208566.363,21.719,23.886,23.314,219.277,87.934,51.113,2.662,669.428,6296.329,2524.924,1467.664,6924.447,1614.077,2236.809,6758.65,2710.321,1575.43,25492.009,14817.754,20534.636,5942.145,4786.59,5.701,0.0969979,5.601
76260,0.9742,24.5,26.96,294.7546,55.43,74289.805,1868164.861,2094233.055,2056042.81,22477985.8,7707708.056,4227373.199,175161.975,6650554.767,23.864,26.752,26.264,287.14,98.46,54.002,2.238,660.471,7220.695,2475.978,1357.976,8094.477,1522.306,2394.91,7946.867,2724.983,1494.545,29791.272,16339.335,25705.24,5602.763,4834.314,1.498,0.027016,1.56
76290,0.8737,24.47,27.1,239.974,63.33,66651.885,1867019.994,2098675.342,2067275.904,18307616.46,7707064.334,4831317.533,154834.293,6612619.04,21.381,24.034,23.674,209.657,88.26,55.328,1.773,663.151,5872.805,2472.309,1549.813,6601.488,1742.11,2384.424,6502.719,2737.488,1716.045,24242.955,15197.15,20800.323,6397.633,5489.134,4.903,0.0774142,4.47
76320,0.9354,24.76,27.02,187.7617,63.53,71386.571,1889977.795,2092770.72,2062454.126,14329972.94,7704956.48,4848815.664,181015.242,6405597.355,23.163,25.648,25.277,175.625,94.43,59.426,2.218,669.213,4649.704,2500.058,1573.315,5148.614,1742.13,2301.466,5074.029,2728.21,1716.893,18955.657,11929.008,15758.986,6414.003,5332.349,-2.142,-0.03371,-1.947
76350,0.9198,25.55,26.86,384.7807,31.58,70226.532,1950623.394,2086410.342,2050893.086,29378006.45,7706084.287,2410919.22,183235.648,6138498.504,23.499,25.135,24.707,353.92,92.836,29.045,2.207,686.275,9830.547,2578.63,806.748,10514.871,862.908,2197.07,10335.875,2711.182,848.218,38836.313,12150.297,30936.159,3187.119,2538.79,0.119,0.00375869,0.217
76380,0.9674,25.81,27.07,193.5146,40.5,73887.632,1971493.063,2113044.298,2067627.223,14780645.15,7707129.409,3093697.048,260785.38,5883129.918,24.969,26.762,26.187,187.2,97.612,39.182,3.303,698.728,4994.929,2604.525,1045.475,5353.56,1120.539,2130.874,5238.492,2731.528,1096.455,19526.605,7838.119,14905.362,4087.061,3119.801,0.553,0.013641,0.788
76410,0.8061,25.64,27.1,213.5255,41.84,61592.032,1959236.451,2073957.661,2070439.745,16315483.46,7708165.039,3197317.614,237064.699,5894329.028,20.669,21.879,21.842,172.117,81.316,33.73,2.501,694.783,5475.029,2586.649,1072.932,5795.614,1135.757,2093.794,5785.783,2733.463,1133.83,21540.241,8934.81,16471.529,4221.204,3227.898,71.711,1.71375,0.314
76440,0.7396,26.37,26.95,283.5498,44.38,56534.514,2016016.33,2064480.818,2060219.288,21674546.71,7712493.783,3392472.938,297119.452,5559791.394,19.506,19.975,19.934,209.712,74.622,32.824,2.875,710.831,7478.297,2661.016,1170.494,7658.073,1198.632,1964.391,7642.265,2719.361,1196.158,28609.054,12584.184,20623.728,4477.853,3228,-0.123,-0.00277501,-0.16
76470,0.6792,26.27,26.95,293.9959,41.24,51938.85,2008720.078,2071279.42,2061185.38,22481866.47,7716803.267,3153959.268,182686.448,5752682.277,17.841,18.397,18.307,199.684,68.541,28.013,1.623,708.034,7722.708,2650.786,1083.411,7963.223,1117.153,2037.637,7924.415,2720.021,1111.709,29667.955,12125.684,22116.712,4162.089,3102.732,11.92,0.289015,-0.108
76500,0.7192,26,27.15,100.7469,41.36,55016.104,1988674.875,2077909.83,2077112.7,7707137.85,7722412.095,3164174.64,188435.871,5765136.28,18.695,19.534,19.527,72.454,72.597,29.746,1.771,705.831,2618.991,2624.182,1075.23,2736.509,1123.477,2046.979,2735.46,2740.881,1123.046,10170.053,4167.069,7592.413,4175.328,3117.074,15.904,0.384512,-0.055
76530,0.7533,25.65,27.06,52.5985,38.47,57652.194,1962625.625,2048091.268,2071008.942,4025363.205,7727476.025,2943996.601,162096.509,5816606.711,19.319,20.161,20.386,39.624,76.066,28.979,1.596,693.994,1348.898,2589.475,986.532,1407.638,1029.492,2034.022,1423.389,2732.475,1041.012,5311.037,2023.387,3997.711,3884.289,2923.773,-0.002,-5.94E-05,-0.003
76560,0.7639,25.4,26.78,19.3623,32.95,58481.799,1944291.73,2004207.586,2050301.299,1482375.391,7733054.956,2522895.461,165718.331,5762030.648,19.399,19.997,20.457,14.79,77.156,25.172,1.653,680.104,491.718,2565.126,836.868,506.871,862.657,1970.219,518.528,2704.985,882.497,1955.714,638.048,1457.236,3328.484,2480.11,0.039,0.00117726,0.068
76590,0.5668,25.08,26.43,0,26.61,43407.888,1920574.67,1963292.742,2024250.723,0,7737970.075,2037773.453,137231.281,5833857.457,14.212,14.528,14.979,0,57.26,15.079,1.015,662.752,0,2533.46,667.18,0,682.02,1952.526,0,2670.221,703.195,0,0,0,2688.059,2026.598,0.19,0.00712409,0.411
76620,0.5457,24.78,26.12,0,19.97,41814.307,1898661.223,1936102.352,2001374.164,0,7742689.35,1530349.649,139089.665,5934036.824,13.523,13.79,14.255,0,55.148,10.9,0.991,647.279,0,2504.119,494.941,0,504.702,1957.015,0,2639.586,521.717,0,0,0,2018.358,1546.88,0.302,0.0151336,0.874
76650,0.4523,24.72,25.82,0,21.31,34671.725,1894453.806,1910736.566,1979229.473,0,7748034.821,1633373.942,124857.255,5966678.027,11.18,11.276,11.68,0,45.724,9.639,0.737,638.199,0,2498.338,526.678,0,531.205,1940.48,0,2610.138,550.247,0,0,0,2154.036,1658.8,0.257,0.0120523,0.696
76680,0.3631,24.77,25.53,0,21.82,27845.126,1899457.916,1895167.67,1957459.435,0,7754167.126,1673380.739,159279.926,5974838.863,8.995,8.975,9.27,0,36.721,7.925,0.754,632.351,0,2504.959,540.58,0,539.359,1925.793,0,2581.45,557.087,0,0,0,2206.814,1700.422,0.249,0.0114141,0.659
76710,0.3161,24.54,25.43,0,27.9,24248.302,1882682.024,1887305.335,1950408.515,0,7759547.471,2140445.267,168743.513,6129278.614,7.758,7.777,8.037,0,31.975,8.82,0.695,624.02,0,2482.615,684.821,0,686.503,1965.837,0,2571.923,709.456,0,0,0,2822.517,2229.511,0.476,0.0170595,0.985
76740,0.1122,24.61,25.24,0,29.35,8612.222,1888250.627,1874223.322,1936707.332,0,7763583.625,2251963.694,175528.553,6047365.584,2.761,2.741,2.832,0,11.354,3.293,0.257,620.983,0,2489.306,722.067,0,716.703,1924.615,0,2553.187,740.597,0,0,0,2968.794,2312.512,-0.151,-0.0051329,-0.296
76770,0.0832,24.51,25.1,0,14.12,6389.259,1881489.14,1862330.419,1927042.155,0,7767690.29,1084024.643,141437.824,6025444.125,2.04,2.019,2.089,0,8.421,1.175,0.153,615.191,0,2479.765,346.065,0,342.541,1903.981,0,2539.803,354.444,0,0,0,1428.723,1108.269,0.145,0.0102514,0.592
76800,0.0401,24.3,24.94,0,358.67,3083.086,1865984.256,1858496.256,1915734.528,0,7770460.563,27545702.4,115531.776,6151836.233,0.975,0.971,1.001,0,4.062,14.398,0.06,606.067,0,2458.285,8714.438,0,8679.468,1938.403,0,2523.827,8946.78,0,0,0,36289.265,28730.036,3.576,0.00996979,0.576
76830,-0.0303,24.32,24.94,0,13.35,-2324.385,1868680.772,1857760.925,1915857.466,0,7773640.509,1025768.086,142195.351,6130135.447,-0.736,-0.732,-0.754,0,-3.061,-0.404,-0.056,606.508,0,2460.922,324.73,0,322.833,1929.293,0,2523.051,332.928,0,0,0,1350.865,1065.265,-0.044,-0.00326286,-0.188
76860,-0.0878,24.24,24.78,0,4.79,-6747.879,1863464.551,1848343.115,1904942.819,0,7776031.812,367826.981,112435.65,6176885.33,-2.129,-2.111,-2.176,0,-8.882,-0.42,-0.128,600.9,0,2452.892,116.028,0,115.087,1932.642,0,2507.49,118.611,0,0,0,484.173,384.603,-0.043,-0.00901386,-0.52
76890,-0.157,24.44,24.65,0,19.2,-12070.83,1879539.143,1848490.961,1895466.137,0,7777564.637,1476589.409,134702.207,6131169.068,-3.838,-3.774,-3.87,0,-15.88,-3.015,-0.275,602.598,0,2472.608,469.431,0,461.676,1916.995,0,2493.561,473.409,0,0,0,1942.512,1531.311,0.183,0.0095313,0.55
76920,-0.2622,24.49,24.6,0,13.49,-20167.053,1884099.248,1848297.604,1892493.528,0,7778860.29,1037542.343,121342.069,6067826.595,-6.422,-6.3,-6.451,0,-26.514,-3.536,-0.414,602.642,0,2477.087,330.393,0,324.115,1895.512,0,2488.123,331.865,0,0,0,1364.091,1064.046,-0.128,-0.00952638,-0.55
76950,-0.2536,24.45,24.64,0,0.13,-19516.132,1881769.928,1850874.503,1895707.112,0,7778690.126,10147.127,99442.254,6028728.183,-6.202,-6.1,-6.248,0,-25.638,-0.033,-0.328,602.449,0,2472.041,3.225,0,3.172,1884.454,0,2490.35,3.249,0,0,0,13.33,10.331,0.001,0.00749552,0.433
76980,-0.3398,24.34,24.53,0,5.08,-26158.946,1873657.789,1849713.93,1888293.227,0,7778788.054,390796.591,97516.34,6054037.012,-8.271,-8.165,-8.336,0,-34.338,-1.725,-0.43,597.041,0,2459.498,123.562,0,121.983,1889.704,0,2478.709,124.527,0,0,0,512.988,399.245,0.065,0.0128963,0.745
77010,-0.408,24.34,24.52,0,356.94,-31421.537,1874207.772,1848601.177,1888149.662,0,7779533.41,27488072.62,122229.117,6012741.174,-9.93,-9.794,-10.004,0,-41.218,-145.639,-0.648,596.705,0,2458.539,8686.959,0,8568.272,1874.224,0,2476.827,8751.58,0,0,0,36058.163,27869.075,-1.9,-0.00532305,-0.307
77040,-0.4815,24.35,24.63,0,18.41,-37093.859,1876299.185,1850546.254,1897140.816,0,7780771.771,1418482.822,159063.486,5984879.727,-11.727,-11.566,-11.857,0,-48.629,-8.865,-0.994,599.748,0,2459.757,448.429,0,442.274,1866.048,0,2487.08,453.41,0,0,0,1859.577,1430.365,0.073,0.00398177,0.23
77070,-0.4617,24.37,24.53,0,15.39,-35581.846,1878442.524,1844584.902,1890813.03,0,7782759.859,1186326.95,130279.745,5988881.398,-11.253,-11.05,-11.327,0,-46.622,-7.107,-0.78,597.965,0,2461.279,375.173,0,368.411,1859.832,0,2477.488,377.644,0,0,0,1554.416,1196.133,0.285,0.0185058,1.069
77100,-0.5777,24.39,24.39,0,12.26,-44544.016,1880099.691,1839457.968,1880152.89,0,7784522.113,945086.403,125940.845,5978653.969,-14.088,-13.784,-14.089,0,-58.333,-7.082,-0.944,594.655,0,2462.091,298.912,0,292.451,1850.055,0,2462.161,298.921,0,0,0,1237.641,950.531,0.051,0.00418519,0.242
77130,-0.7342,24.29,24.24,0,11.72,-56631.407,1873446.821,1833468.028,1869935.092,0,7786380.645,903923.492,139289.915,5976982.395,-17.834,-17.454,-17.801,0,-74.122,-8.605,-1.326,588.872,0,2452.056,284.66,0,278.585,1842.081,0,2447.459,284.126,0,0,0,1183.098,908.17,0.245,0.0209285,1.208
77160,-0.735,24.23,24.28,0,3.41,-56715.634,1869286.648,1834352.458,1873660.076,0,7789085.858,263261.895,155092.989,5973077.793,-17.807,-17.474,-17.849,0,-74.2,-2.508,-1.477,588.278,0,2445.558,82.657,0,81.112,1840.333,0,2451.28,82.85,0,0,0,344.421,264.12,0.028,0.00807882,0.467
77190,-0.8283,24.2,24.35,0,1.77,-63939.985,1867976.387,1834967.627,1879811.93,0,7792802.889,137004.685,138454.854,6023297.821,-20.046,-19.692,-20.173,0,-83.627,-1.47,-1.486,589.337,0,2443.11,42.952,0,42.193,1854.986,0,2458.589,43.224,0,0,0,179.187,138.499,0.011,0.00645586,0.373
77220,-0.9096,24.31,24.31,0,28.1,-70237.778,1877262.988,1834536.389,1877125.536,0,7797531.203,2169925.243,162024.24,6014310.832,-22.112,-21.609,-22.111,0,-91.848,-25.56,-1.908,590.961,0,2454.837,683.141,0,667.593,1850.345,0,2454.657,683.091,0,0,0,2837.542,2188.623,0.483,0.0171758,0.992
77250,-0.9079,24.25,24.25,0,18.39,-70132.637,1872981.87,1831973.708,1873534.208,0,7803669.602,1420860.023,150449.628,6017015.137,-22.012,-21.53,-22.018,0,-91.711,-16.698,-1.768,588.028,0,2449.263,445.952,0,436.188,1847.155,0,2449.986,446.083,0,0,0,1858.032,1432.635,0.188,0.0101997,0.589
77280,-1.0497,24.13,24.26,0,354.16,-81117.862,1864952.645,1832827.349,1874938.766,0,7808952.213,27369600.72,134622.61,6106783.546,-25.331,-24.895,-25.467,0,-106.066,-371.75,-1.829,585.492,0,2438.52,8546.771,0,8399.546,1874.131,0,2451.578,8592.535,0,0,0,35787.141,27986.382,10.278,0.0290213,1.676
77310,-1.1833,24.1,24.14,2.8483,6.65,-91477.336,1863164.815,1828873.965,1865903.909,220200.218,7814732.376,514082.741,131042.305,6133621.298,-28.516,-27.991,-28.558,-3.37,-119.607,-7.868,-2.006,581.66,68.643,2436.094,160.256,67.38,157.306,1876.849,68.744,2439.675,160.491,287.912,18.94,225.977,672.165,527.568,-0.015,-0.00228679,-0.132
77340,-1.1918,24.23,24.13,38.6851,11.7,-92171.802,1874099.013,1832142.063,1866035.545,2991908.728,7819270.142,905112.34,129757.108,6095608.845,-28.879,-28.232,-28.755,-46.104,-120.491,-13.947,-1.999,584.661,937.416,2449.912,283.587,916.43,277.238,1867.101,933.383,2439.371,282.367,3911.166,452.733,3048.998,1183.206,922.383,0.07,0.0060225,0.348
77370,-1.4421,24.87,24.09,115.0876,8.55,-111576.898,1924221.301,1850340.688,1864017.383,8904327.612,7823714.236,661274.117,152869.193,5903863.447,-35.866,-34.489,-34.744,-165.97,-145.828,-12.326,-2.849,599.183,2862.272,2514.912,212.565,2752.375,204.403,1824.916,2772.719,2436.227,205.914,11637.747,983.643,8781.976,864.27,652.188,0.04,0.00470832,0.272
77400,-1.5507,25.23,24.25,140.5212,22.67,-120024.38,1952692.866,1881638.118,1876622.598,10876340.88,7827931.673,1754476.884,179152.672,5800653.178,-39.122,-37.698,-37.598,-217.907,-156.832,-35.151,-3.589,611.687,3545.152,2551.52,571.873,3416.15,551.064,1821.927,3407.045,2452.122,549.595,14211.762,3185.287,10531.198,2292.518,1698.801,0.118,0.00521186,0.301
77430,-1.6266,25.38,24.47,181.4664,36.14,-125946.1,1965490.089,1917965.878,1894648.607,14050943.35,7832094.424,2798183.149,197848.284,5730104.039,-41.289,-40.291,-39.801,-295.17,-164.53,-58.782,-4.156,621.128,4606.359,2567.617,917.336,4494.981,895.156,1833.095,4440.334,2475.073,884.273,18355.443,6557.875,13429.179,3655.405,2674.362,0.64,0.0176979,1.022
77460,-1.6757,25.73,24.67,289.6439,29.41,-129798.342,1993222.409,1959449.074,1910756.169,22435816.49,7835200.113,2278290.701,198780.331,5682900.197,-43.119,-42.389,-41.335,-485.351,-169.498,-49.286,-4.3,634.755,7453.198,2602.86,756.85,7326.91,744.026,1855.876,7144.834,2495.171,725.537,29297.933,8519.145,21249.902,2975.118,2157.865,0.192,0.00653486,0.377
77490,-1.9185,26.02,25.18,369.8439,36.37,-148663.658,2016433.931,2042541.862,1950816.174,28659203.81,7838107.766,2817988.167,294175.984,5496588.974,-49.923,-50.569,-48.298,-709.541,-194.055,-69.767,-7.283,655.102,9624.026,2632.109,946.307,9748.634,958.559,1869.704,9310.846,2546.456,915.512,37409.683,13449.68,26234.093,3678.401,2579.533,0.511,0.0140384,0.811
77520,-2.0029,26.41,25.64,452.7057,34.03,-155268.489,2047127.23,2095106.683,1987656.986,35093745.86,7839330.807,2637786.218,252769.076,5520592.315,-52.893,-54.133,-51.357,-906.746,-202.551,-68.155,-6.531,677.109,11954.93,2670.523,898.58,12235.123,919.641,1924.706,11607.632,2592.943,872.476,45780.569,15404.294,32239.469,3441.051,2423.247,0.342,0.0100481,0.58
77550,-2.2624,26.67,26.05,507.1423,32.57,-175448.055,2068134.42,2149364.168,2020061.175,39328885.37,7840459.345,2525639.094,313836.552,5429739.165,-60.334,-62.704,-58.932,-1147.352,-228.732,-73.681,-9.156,694.672,13524.674,2696.228,868.533,14055.88,902.646,1940.552,13210.296,2633.555,848.344,51273.096,16516.55,35508.065,3292.677,2280.272,0.356,0.0109342,0.631
77580,-2.334,27.06,26.55,577.0433,35.29,-181073.979,2098998.274,2217693.346,2059970.103,44767019.21,7841460.983,2738069.73,357888.487,5302043.971,-63.149,-66.72,-61.975,-1346.836,-235.914,-82.376,-10.767,718.412,15612.437,2734.699,954.898,16495.296,1008.896,1953.643,15322.144,2683.851,937.143,58325.116,20365.878,39436.826,3567.319,2412.061,0.279,0.00789918,0.456
77610,-2.4588,27.25,27.04,549.9326,43.12,-190823.867,2114872.5,2254190.987,2098270.945,42680269.09,7841174.635,3346215.686,298046.925,5263929.346,-67.001,-71.415,-66.475,-1352.149,-248.415,-106.011,-9.442,736.733,14985.663,2753.15,1174.905,15972.853,1252.303,1969.996,14868.027,2731.539,1165.682,55561.365,23710.773,37299.399,4356.119,2924.345,0.978,0.0226928,1.31
77640,-2.6446,27.62,27.52,628.6534,42.98,-205328.371,2144096.923,2331990.382,2136451.712,48808649.98,7841045.079,3336589.093,317303.5,5040455.383,-73.034,-79.434,-72.773,-1662.55,-267.086,-113.653,-10.808,759.917,17360.817,2788.992,1186.796,18882.196,1290.798,1949.959,17298.913,2779.048,1182.564,63489.176,27016.462,40812.718,4340.159,2789.982,0.895,0.0208358,1.203
77670,-2.8471,27.75,28.12,562.3622,53.32,-221131.129,2155330.85,2405289.22,2184051.662,43678672.07,7841592.638,4141204.4,319676.982,4903377.712,-79.005,-88.168,-80.058,-1601.079,-287.44,-151.799,-11.718,780.316,15605.467,2801.635,1479.565,17415.266,1651.153,1955.042,15813.417,2838.969,1499.281,56776.301,29983.994,35502.437,5382.999,3366.01,0.41,0.00769201,0.444
77700,-3.1009,27.54,28.67,544.0365,50.98,-240939.655,2139491.256,2391298.308,2227605.387,42271636.05,7841088.409,3961404.741,298209.725,5015045.464,-85.384,-95.433,-88.901,-1687.001,-312.927,-158.094,-11.901,789.417,14980.197,2778.72,1403.84,16743.289,1569.065,1986.399,15597.151,2893.161,1461.657,54901.394,27736.792,35114.128,5144.978,3290.653,0.968,0.0189956,1.097
77730,-3.3887,28,28.72,772.7386,46.51,-263406.232,2176788.23,2395824.375,2232517.531,60064971.38,7842413.756,3615297.698,313620.651,4869504.549,-94.9,-104.449,-97.329,-2618.605,-341.899,-157.613,-13.673,804.329,21640.143,2825.456,1302.516,23817.65,1433.579,1930.912,22194.165,2897.793,1335.862,77963.924,35940.822,48409.29,4692.632,2913.745,0.856,0.0183983,1.062
77760,-3.549,27.57,29.22,466.5919,43.9,-275972.504,2143519.718,2399438.765,2272345.488,36282186.14,7843902.819,3413677.219,283079.059,5080118.414,-97.832,-109.512,-103.712,-1655.948,-358.002,-155.803,-12.92,805.544,12861.998,2780.655,1210.145,14397.617,1354.627,2015.909,13635.005,2947.773,1282.875,47066.635,20483.464,30482.795,4428.352,2868.031,0.318,0.00723718,0.418
77790,-3.4814,27.17,29.29,286.6253,54.34,-270817.831,2113194.132,2341209.069,2278317.41,22296582.09,7845108.208,4226785.772,218934.899,5226516.339,-94.573,-104.778,-101.963,-997.856,-351.098,-189.165,-9.798,795.621,7786.282,2739.623,1476.053,8626.427,1635.321,2022.111,8394.696,2953.695,1591.391,28906.113,15574.029,19257.64,5479.761,3650.69,0.502,0.00923394,0.533
77820,-3.6684,26.55,29.09,133.3699,51.55,-285471.437,2066234.617,2267750.285,2263446.061,10378845.62,7847093.495,4011588.316,195060.733,5369224.368,-97.4,-106.899,-106.697,-489.248,-369.904,-189.102,-9.195,772.267,3541.166,2677.355,1368.717,3886.528,1502.205,2010.594,3879.152,2932.895,1499.354,13448.549,6875.162,9201.914,5198.077,3556.685,0.147,0.0028502,0.165
77850,-3.8067,26.38,28.55,156.5025,50.02,-296351.796,2053800.554,2202792.998,2222450.123,12183719.63,7850126.769,3893850.698,164846.986,5500328.018,-100.427,-107.712,-108.673,-595.758,-383.855,-190.401,-8.061,753.135,4128.772,2660.221,1319.533,4428.293,1415.258,1999.148,4467.81,2878.667,1427.888,15781.175,7827.84,11057.355,5043.578,3533.871,1.068,0.0213506,1.233
77880,-3.95,26.15,28.16,106.3418,42.04,-307625.884,2036676.484,2168559.254,2192941.925,8281899.384,7853324.26,3274433.448,168679.825,5515414.364,-103.298,-109.987,-111.224,-420.05,-398.313,-166.076,-8.555,736.372,2780.994,2637.082,1099.528,2961.075,1170.727,1971.958,2994.368,2839.414,1183.89,10723.377,4471.098,7531.062,4239.726,2977.573,0.571,0.0135927,0.785
77910,-3.9961,26.3,27.8,144.1325,27.37,-311336.989,2049366.455,2152721.082,2165527.928,11229363.08,7858074.902,2132705.224,176753.794,5508980.111,-105.115,-110.416,-111.073,-575.969,-403.051,-109.389,-9.066,731.134,3791.302,2653.074,720.052,3982.506,756.366,1953.766,4006.199,2803.455,760.866,14537.338,3945.477,10191.542,2760.963,1935.6,0.558,0.0203821,1.177
77940,-4.0612,26.14,27.57,71.6097,31.37,-316526.153,2037448.246,2130503.929,2148752.021,5581262.356,7863664.895,2445087.695,201290.728,5477300.849,-106.164,-111.012,-111.963,-290.818,-409.745,-127.404,-10.488,720.696,1871.967,2637.49,820.088,1957.465,857.543,1921.003,1974.231,2781.573,864.888,7224.98,2246.498,5032.436,3165.182,2204.653,0.341,0.0108727,0.628
77970,-4.0842,25.92,27.26,46.0873,33,-318444.48,2021087.66,2083721.74,2125497.287,3593429.9,7868346.322,2573123.836,168921.459,5517179.108,-105.868,-109.149,-111.337,-188.23,-412.156,-134.784,-8.848,706.628,1194.646,2615.854,855.442,1231.668,881.953,1891.044,1256.362,2750.99,899.635,4650.906,1520.95,3261.153,3330.344,2335.193,0.475,0.0143798,0.83
78000,-4.2252,25.8,26.95,24.105,25.68,-329565.006,2012320.44,2049956.22,2102149.92,1880186.88,7873160.987,2002862.94,120672.63,5567137.865,-109.006,-111.044,-113.872,-101.848,-426.482,-108.493,-6.537,695.299,621.883,2604.096,662.459,633.514,674.849,1875.804,649.644,2720.343,692.031,2433.106,618.961,1720.457,2591.858,1832.711,0.342,0.0133358,0.77
78030,-4.3368,25.36,26.68,0,25.02,-338399.273,1979213.003,2028901.727,2081692.923,0,7878278.124,1952650.031,98727.145,5727838.311,-110.002,-112.763,-115.697,0,-437.862,-108.525,-5.487,676.684,0,2560.947,634.737,0,650.672,1908.66,0,2693.548,667.602,0,0,0,2526.577,1836.927,0.205,0.00820106,0.474
78060,-4.4004,25.18,26.33,0,34.67,-343498.931,1965318.181,1996331.419,2055621.112,0,7883219.246,2706239.503,116371.926,5792167.887,-110.79,-112.538,-115.881,0,-444.398,-152.558,-6.56,663.008,0,2542.608,872.855,0,886.629,1897.653,0,2659.436,912.961,0,0,0,3501.166,2572.47,0.386,0.011133,0.643
78090,-4.4345,25.05,26.18,0,20.23,-346293.972,1955961.618,1980399.102,2044670.296,0,7888730.287,1579949.678,104690.5,5833176.392,-111.075,-112.462,-116.112,0,-447.983,-89.722,-5.945,655.832,0,2530.327,506.772,0,513.104,1894.379,0,2645.084,529.756,0,0,0,2043.899,1511.324,0.073,0.0036119,0.209
78120,-4.4385,24.91,25.95,0,356.46,-346737.098,1945698.905,1966913.953,2027133.536,0,7894213.622,27846819.25,102072.686,5899391.508,-110.548,-111.754,-115.175,0,-448.523,-1582.164,-5.799,646.299,0,2516.866,8878.238,0,8975.042,1901.376,0,2622.206,9249.824,0,0,0,36021.351,26918.964,4.696,0.0131726,0.761
78150,-4.5264,24.83,25.78,0,1.72,-353740.276,1940788.041,1957200.323,2014362.359,0,7898309.334,134289.287,92552.576,5962857.203,-112.41,-113.361,-116.671,0,-457.468,-7.778,-5.361,640.115,0,2509.888,42.674,0,43.035,1910.873,0,2605.036,44.292,0,0,0,173.667,131.111,0.02,0.0115416,0.666
78180,-4.6575,24.88,25.71,0,18.28,-364124.829,1944783.008,1952456.375,2010186.05,0,7900764.577,1428913.06,98303.767,5985330.431,-115.859,-116.316,-119.755,0,-470.683,-85.126,-5.856,639.611,0,2513.905,454.659,0,456.453,1911.957,0,2598.448,469.949,0,0,0,1847.071,1399.273,-0.154,-0.00844957,-0.488
78210,-4.695,24.75,25.58,0,353.12,-367193.439,1935548.119,1949429.612,2000628.224,0,7903371.937,27617382.24,64474.697,6096057.451,-116.191,-117.025,-120.098,0,-474.442,-1657.879,-3.87,633.061,0,2500.874,8739.003,0,8801.678,1942.818,0,2584.962,9032.84,0,0,0,35683.739,27523.711,0.817,0.00231338,0.134
78240,-4.7184,24.6,25.33,0,340.27,-369164.146,1924817.448,1941721.982,1981806.682,0,7906952.204,26622716.98,71712.319,6195488.408,-116.078,-117.098,-119.515,0,-476.838,-1605.514,-4.325,623.151,0,2486.228,8371.133,0,8444.652,1965.192,0,2559.839,8618.982,0,0,0,34387.754,26944.507,5.184,0.0152337,0.88
78270,-4.8119,24.78,25.47,0,353.24,-376628.734,1939839.767,1945710.017,1993529.856,0,7909258.967,27648040.01,92088.725,6121779.835,-119.258,-119.619,-122.559,0,-486.249,-1699.758,-5.661,631.245,0,2504.442,8754.665,0,8781.158,1944.308,0,2573.759,8996.973,0,0,0,35695.172,27628.123,-0.795,-0.00225144,-0.13
78300,-4.8574,24.72,25.39,0,351.25,-380333.344,1935411.57,1938682.161,1987721.451,0,7912278.19,27502773.21,103195.407,6170366.437,-120.064,-120.267,-123.309,0,-490.843,-1706.151,-6.402,627.488,0,2497.764,8682.13,0,8696.802,1951.165,0,2565.273,8916.789,0,0,0,35493.965,27679.862,10.548,0.0300306,1.734
78330,-4.9069,24.64,25.27,0,356.61,-384361.197,1930113.864,1933172.651,1979684.221,0,7915675.939,27933598.12,97086.51,6216608.73,-120.911,-121.103,-124.016,0,-495.874,-1749.888,-6.082,622.763,0,2490.088,8787.262,0,8801.187,1958.7,0,2554.04,9012.941,0,0,0,36037.83,28302.458,5.439,0.0152523,0.881
78360,-5.009,24.55,25.11,0,50.66,-392501.925,1923693.335,1927431.107,1967277.95,0,7916113.659,3969680.771,87126.055,6263353.248,-122.967,-123.206,-125.753,0,-506.017,-253.751,-5.569,616.329,0,2480.042,1243.663,0,1246.079,1966.061,0,2536.231,1271.84,0,0,0,5117.746,4049.241,0.086,0.00170609,0.099
78390,-4.9858,24.59,25.05,0,60.17,-390836.425,1927313.002,1923614.562,1963446.872,0,7916988.963,4716924.627,123239.584,6082660.117,-122.582,-122.347,-124.88,0,-503.54,-300.008,-7.838,615.815,0,2483.081,1479.414,0,1476.576,1904.102,0,2529.635,1507.151,0,0,0,6077.118,4669.078,-0.561,-0.00932735,-0.539
78420,-4.9952,24.43,24.97,0,59.92,-391723.787,1915972.34,1916723.603,1958483.822,0,7916926.706,4698985.215,127440.185,6059455.595,-122.044,-122.092,-124.752,0,-504.293,-299.316,-8.118,610.177,0,2466.563,1463.995,0,1464.569,1888.598,0,2521.291,1496.478,0,0,0,6049.327,4630.032,-0.574,-0.00957492,-0.553
78450,-4.897,23.97,25.08,0,7.87,-384171.134,1880810.508,1920035.508,1967910.405,0,7917166.759,617709.965,77614.994,6212579.713,-117.404,-119.853,-122.841,0,-494.207,-38.559,-4.845,601.401,0,2419.518,188.775,0,192.712,1938.185,0,2531.566,197.517,0,0,0,794.636,623.549,0.101,0.012813,0.74
78480,-5.013,23.73,24.96,0,332.35,-393422.525,1862190.706,1906227.403,1959202.188,0,7918262.461,26082584.71,74972.572,6287171.082,-118.95,-121.763,-125.147,0,-505.791,-1666.065,-4.789,592.36,0,2394.066,7886,0,8072.487,1945.862,0,2518.785,8296.824,0,0,0,33532.237,26624.896,9.17,0.0275925,1.593
78510,-5.0357,23.79,24.81,0,347.08,-395352.209,1867438.86,1899686.843,1947841.736,0,7919930.364,27248921.06,82642.923,6253679.045,-119.779,-121.847,-124.936,0,-507.99,-1747.767,-5.301,590.133,0,2399.484,8255.545,0,8398.106,1927.381,0,2502.794,8610.989,0,0,0,35012.306,27646.168,3.821,0.0110096,0.636
78540,-5.1387,23.82,24.71,0,347.81,-403596.105,1870679.072,1892836.777,1940331.485,0,7922104.727,27317233.02,86919.118,6332391.676,-122.395,-123.845,-126.952,0,-518.329,-1787.318,-5.687,588.428,0,2402.471,8284.269,0,8382.394,1943.118,0,2491.924,8592.724,0,0,0,35082.901,28042.884,-3.261,-0.00937663,-0.541
78570,-5.131,24.14,24.63,0,1.02,-403144.156,1896399.305,1889862.281,1935181.457,0,7924048.613,80085.38,113364.489,6224090.994,-123.844,-123.418,-126.377,0,-517.481,-5.23,-7.403,594.481,0,2434.24,24.602,0,24.517,1905.428,0,2484.021,25.105,0,0,0,102.799,80.745,-0.009,-0.00918179,-0.53
78600,-5.112,23.83,24.68,0,331.03,-401804.687,1872771.546,1890706.494,1939614.558,0,7925857.732,26018580.72,107922.202,6382607.279,-121.802,-122.969,-126.149,0,-515.485,-1692.207,-7.019,587.97,0,2402.625,7887.208,0,7962.742,1953.337,0,2488.38,8168.719,0,0,0,33379.881,26880.456,-3.13,-0.00945408,-0.546
78630,-5.1908,23.89,24.63,0,335.84,-408154.573,1878229.306,1884581.037,1936766.196,0,7929641.763,26407460.9,115754.84,6321223.194,-123.993,-124.412,-127.857,0,-523.482,-1743.311,-7.642,588.368,0,2408.938,8022.296,0,8049.426,1926.812,0,2484.015,8272.319,0,0,0,33869.1,26999.22,-3.199,-0.00952624,-0.55
78660,-5.2179,23.66,24.6,0,359.86,-410442.947,1860707.806,1881963.311,1934707.988,0,7934428.434,28306681.99,118373.782,6409089.979,-123.431,-124.841,-128.339,0,-526.333,-1877.733,-7.852,581.816,0,2386.085,8512.542,0,8609.784,1949.394,0,2480.98,8851.085,0,0,0,36299.173,29320.91,-3.328,-0.00924722,-0.534
78690,-5.2527,23.54,24.41,0,347.58,-413331.955,1851995.905,1869822.337,1921160.48,0,7940836.769,27350904.95,116718.359,6477806.615,-123.623,-124.813,-128.24,0,-530.061,-1825.709,-7.791,574.599,0,2375.02,8180.364,0,8259.104,1956.092,0,2463.717,8485.868,0,0,0,35075.097,28612.815,-3.253,-0.0093601,-0.54
78720,-5.2799,23.39,24.38,0,331.4,-415630.237,1841321.414,1866377.99,1919361.274,0,7947070.199,26087863.1,125624.131,6597209.001,-123.5,-125.18,-128.734,0,-533.021,-1749.748,-8.426,570.317,0,2361.383,7751.718,0,7857.202,1986.963,0,2461.465,8080.255,0,0,0,33456.106,27773.37,-3.12,-0.00941482,-0.544
78750,-5.2114,23.39,24.28,0,317.27,-410395.864,1841957.775,1866463.2,1911779.888,0,7952065.734,24984902.25,98200.069,6649662.663,-121.894,-123.515,-126.514,0,-526.238,-1653.406,-6.499,567.828,0,2361.884,7420.894,0,7519.621,2001.326,0,2451.414,7702.193,0,0,0,32037.343,26790.212,-2.965,-0.00934438,-0.54
78780,-5.1677,23.66,24.32,19.8121,339.86,-407110.002,1864264.888,1872077.501,1915625.509,1560797.238,7957804.671,26774312.6,89996.224,6569198.579,-122.289,-122.801,-125.658,-102.383,-522.003,-1756.298,-5.903,575.422,468.837,2390.391,8042.554,470.802,8076.258,1981.546,481.754,2456.246,8264.127,2001.28,6733.376,1652.064,34330.462,28339.93,-3.133,-0.00921766,-0.532
78810,-5.2595,24.09,24.24,112.9144,331.07,-414504.294,1898671.606,1895181.899,1910260.616,8898783.864,7963644.228,26091327.22,79777.314,6604188.874,-126.712,-126.479,-127.485,-593.878,-531.469,-1741.256,-5.324,583.956,2720.307,2434.44,7975.967,2715.307,7961.308,2015.152,2736.911,2449.299,8024.651,11409.848,37382.141,9462.099,33453.793,27742.973,7.133,0.0215456,1.244
78840,-5.2632,24.96,24.39,146.1855,352,-414948.478,1967465.603,1946648.689,1922585.144,11525264.82,7967839.55,27752034.78,85090.908,6275141.036,-131.343,-129.954,-128.347,-769.399,-531.914,-1852.66,-5.68,608.555,3648.084,2522.055,8784.332,3609.485,8691.389,1965.25,3564.866,2464.523,8583.95,14774.006,51457.954,11635.396,35574.776,28017.223,5.722,0.0162567,0.939
78870,-5.3243,25.41,24.79,199.8378,5.29,-419927.101,2003876.906,2011196.042,1955341.885,15761207.29,7973030.083,417316.865,112001.946,6232363.927,-135.276,-135.77,-132,-1063.995,-538.237,-28.172,-7.561,629.898,5077.347,2568.448,134.435,5095.892,134.926,2015.039,4954.371,2506.239,131.179,20201.76,1057.382,15791.326,534.891,418.114,0.341,0.0643691,3.717
78900,-5.458,25.52,25.15,231.9188,44.33,-430640.108,2013711.048,2063986.128,1984032.813,18298393.32,7975532.788,3497906.049,95162,6325354.915,-139.302,-142.78,-137.249,-1265.824,-551.722,-241.974,-6.583,641.789,5919.106,2579.9,1131.491,6066.884,1159.741,2097.189,5831.87,2541.877,1114.815,23443.295,10281.751,18592.759,4481.401,3554.177,2.813,0.0634456,3.664
78930,-5.3883,25.75,25.66,257.2668,355.5,-425300.495,2032213.867,2121417.396,2025427.466,20306068.52,7978446.955,28059670.25,89886.905,6292607.701,-138.733,-144.823,-138.27,-1386.237,-544.666,-1915.553,-6.136,660.696,6623.859,2602.577,9153.091,6914.611,9554.863,2142.755,6601.739,2593.886,9122.525,26005.188,91458.527,20510.314,35934.923,28341.903,38.922,0.109484,6.322
78960,-5.3353,26.06,25.94,182.7296,0.73,-421275.653,2057305.958,2145609.295,2048404.008,14428329.22,7983551.836,57759.737,122537.945,6225885.383,-139.012,-144.978,-138.41,-974.918,-539.446,-3.903,-8.28,675.928,4761.027,2634.394,19.059,4965.379,19.877,2142.582,4740.426,2622.995,18.977,18475.573,133.668,14407.973,73.962,57.678,0.039,0.0533651,3.082
78990,-5.2106,25.31,26.36,291.7427,32.86,-411582.113,1999023.627,2164000.561,2082337.54,23044755.87,7986035.954,2595632.727,175637.662,6541204.767,-131.865,-142.748,-137.361,-1520.143,-526.797,-171.22,-11.586,667.152,7383.22,2558.615,831.605,7992.548,900.236,2268.668,7690.933,2665.251,866.264,29495.73,9586.744,24159.371,3322.234,2721.177,0.711,0.0216232,1.249
79020,-5.0798,25.81,26.5,315.5657,71.56,-401402.936,2039280.993,2196794.72,2094334.227,24936001.61,7988270.225,5654439.671,110207.535,6610146.756,-131.094,-141.22,-134.633,-1602.999,-513.522,-363.493,-7.085,683.989,8143.851,2608.89,1846.684,8772.881,1989.322,2325.555,8363.706,2679.321,1896.538,31901.089,22580.957,26397.565,7233.83,5985.861,1.753,0.0244943,1.414
79050,-2.4575,25.06,26.79,215.5648,88.09,-194264.45,1980845.177,2197140.996,2118036.452,17040397.44,7988830.492,6963874.968,146719.804,6822817.456,-61.58,-68.304,-65.845,-529.748,-248.355,-216.491,-4.561,671.398,5401.651,2532.387,2207.485,5991.477,2448.528,2398.932,5775.763,2707.777,2360.373,21785.081,18990.086,18605.43,8902.878,7603.455,5.593,0.0634913,3.666
79080,-2.35,24.69,26.92,337.3181,62.5,-185838.689,1952569.816,2184060.7,2128813.039,26675115.35,7987769.053,4942180.517,137468.244,6847601.02,-58.024,-64.903,-63.262,-792.7,-237.371,-146.866,-4.085,664.677,8328.745,2494.013,1543.092,9316.176,1726.037,2391.497,9080.516,2719.128,1682.375,34072.067,21081.018,29208.647,6312.637,5411.576,1.962,0.0313954,1.813
79110,-2.2912,25.78,26.74,496.6417,55.7,-181255.422,2039750.88,2216037.231,2115741.573,39289324.89,7985798.795,4406658.001,190934.121,6415811.46,-59.075,-64.181,-61.276,-1137.897,-231.285,-127.626,-5.53,689.568,12805.275,2602.752,1436.229,13911.977,1560.356,2271.778,13282.335,2699.717,1489.736,50133.747,27664.393,40277.582,5622.959,4517.5,0.296,0.00531478,0.307
79140,-2.4793,26.54,27.28,710.0445,40.93,-196208.13,2100523.592,2306043.049,2159124.388,56192921.73,7984912.787,3239432.872,190350.219,6262916.038,-65.804,-72.242,-67.64,-1760.38,-250.147,-101.483,-5.963,724.124,18845.909,2677.97,1086.437,20689.83,1192.736,2305.961,19371.675,2752.68,1116.746,71640.68,29064.209,56190.916,4129.972,3239.317,0.025,0.000603401,0.035
79170,-2.6235,27.14,28.03,650.4888,58.05,-207699.953,2148581.171,2403603.575,2218999.719,51499198.3,7985910.712,4595663.327,200100.433,6080556.891,-71.198,-79.649,-73.531,-1706.536,-264.63,-152.287,-6.631,760.655,17653.505,2737.505,1575.356,19748.859,1762.34,2331.766,18232.089,2827.225,1626.987,65615.075,37759.6,49960.012,5855.33,4458.31,-0.075,-0.00129342,-0.075
79200,-2.5019,26.83,28.92,312.2346,59.67,-198151.008,2124857.592,2439783.72,2290802.184,24728980.32,7990708.018,4725846.576,257517.691,5979596.93,-67.124,-77.072,-72.366,-781.182,-252.424,-149.288,-8.135,776.01,8376.945,2706.853,1600.881,9618.496,1838.148,2325.803,9031.158,2918.25,1725.905,31502.216,18630.97,23573.7,6020.25,4505.066,1.489,0.0249493,1.441
79230,-2.6457,25.33,29.06,253.0606,50.47,-209614.974,2006552.042,2364132.086,2302255.832,20049991.34,7994959.917,3998429.103,283774.288,6504678.534,-67.003,-78.943,-76.877,-669.51,-266.968,-133.516,-9.476,735.91,6408.927,2555.568,1278.087,7551.037,1505.85,2449.73,7353.405,2932.18,1466.438,25535.9,12770.982,20775.942,5092.445,4143.2,5.056,0.100185,5.785
79260,-2.4855,24.38,28.79,388.7419,55.25,-197004.655,1932522.868,2319908.496,2281767.791,30811682.99,7996380.176,4379294.92,234758.213,6873998.374,-60.603,-72.751,-71.555,-966.237,-250.762,-137.332,-7.362,701.921,9478.332,2459.857,1347.165,11378.32,1617.212,2538.471,11191.253,2904.402,1590.624,39219.38,21478.872,33714.499,5574.289,4791.875,0.433,0.00783711,0.453
79290,-2.5419,24.62,28.53,299.1285,16.43,-201549.398,1951953.291,2293516.374,2262437.866,23717898.77,8000204.49,1302813.99,134251.846,6882957.73,-62.577,-73.527,-72.531,-760.363,-256.475,-41.766,-4.304,702.44,7363.916,2483.898,404.497,8652.492,475.278,2510.962,8535.246,2878.995,468.837,30181.475,4914.98,25966.564,1657.855,1426.332,0.44,0.0267804,1.546
79320,-2.6688,24.72,28.4,149.3311,48.67,-211687.155,1960972.836,2274567.629,2252757.802,11844942.85,8004661.044,3860229.16,135036.113,6854667.814,-65.978,-76.529,-75.796,-398.531,-269.322,-129.88,-4.543,702.135,3691.808,2494.877,1203.149,4282.195,1395.554,2478.106,4241.135,2866.105,1382.172,15069.905,7267.426,12904.88,4911.234,4205.659,0.495,0.0101793,0.588
79350,-2.6126,24.79,28.18,108.1062,26.56,-207310.663,1966870.668,2230753.061,2236135.371,8578226.97,8010213.537,2107598.687,162580.77,6826537.436,-64.76,-73.448,-73.625,-282.439,-263.737,-69.393,-5.353,698.522,2679.659,2502.223,658.37,3039.171,746.699,2418.567,3046.504,2844.778,748.501,10913.091,2871.386,9300.454,2681.255,2285.044,0.476,0.0179075,1.034
79380,-2.6717,24.57,27.93,77.7142,16.48,-212078.131,1950357.074,2185585.416,2217207.233,6168951.608,8016384.528,1308544.373,218257.85,6846179.22,-65.643,-73.56,-74.624,-207.628,-269.806,-44.042,-7.346,686.275,1909.428,2481.25,405.024,2139.72,453.873,2374.619,2170.678,2820.737,460.439,7848.158,1281.084,6702.51,1664.734,1421.721,0.392,0.023772,1.373
79410,-2.6488,24.05,27.6,20.4025,27.63,-210340.765,1909889.91,2137923.666,2191974.083,1620165.701,8020298.133,2194132.446,150647.837,6900486.308,-63.706,-71.312,-73.115,-54.042,-267.525,-73.187,-5.025,663.886,490.701,2429.117,664.539,549.289,743.883,2339.492,563.176,2787.889,762.69,2060.628,563.731,1772.918,2790.635,2401,0.394,0.0142659,0.824
79440,-2.7328,23.62,27.27,0,11.13,-217092.378,1876752.523,2096441.46,2166561.559,0,8025757.689,884233.135,165036.997,6980739.697,-64.561,-72.119,-74.531,0,-276.091,-30.418,-5.677,644.317,0,2386.792,262.963,0,293.745,2319.027,0,2755.362,303.57,0,0,0,1124.539,978.115,0.011,0.000992825,0.057
79470,-2.8738,23.38,26.87,0,353.74,-228384.497,1858343.169,2055904.794,2135047.378,0,8030561.896,28111797.27,163121.314,7034603.674,-67.203,-74.347,-77.209,0,-290.406,-1016.597,-5.899,628.242,0,2363.009,8271.954,0,9151.35,2290.004,0,2714.857,9503.634,0,0,0,35746.055,31312.794,-3.216,-0.00909248,-0.525
79500,-2.8906,23.19,26.55,0,0.74,-229801.121,1843715.505,2029698.6,2110608.93,0,8036513.369,58972.369,139135.017,7145136.539,-67.037,-73.799,-76.741,0,-292.204,-2.144,-5.059,615.698,0,2344.376,17.203,0,18.939,2294.604,0,2683.745,19.693,0,0,0,74.986,66.669,-0.007,-0.00904308,-0.522
79530,-2.8512,22.92,26.15,0,11.22,-226757.765,1822952.462,1996719.15,2079583.047,0,8042163.894,892166.745,155267.612,7052464.287,-65.355,-71.584,-74.555,0,-288.319,-31.985,-5.566,599.363,0,2317.855,257.134,0,281.644,2226.363,0,2644.157,293.333,0,0,0,1134.376,994.775,-0.097,-0.00866643,-0.5
79560,-2.9368,22.83,25.94,0,16.14,-233648.929,1816054.859,1982036.909,2064175.448,0,8044618.232,1284303.665,117608.854,7041304.751,-67.035,-73.162,-76.194,0,-296.948,-47.407,-4.341,592.224,0,2308.048,368.474,0,402.152,2204.831,0,2623.388,418.817,0,0,0,1632.238,1428.668,0.064,0.00393839,0.227
79590,-2.9943,22.65,25.74,0,311.76,-238317.517,1802942.719,1969266.718,2048347.342,0,8046789.477,24813233.09,80389.8,7125736.697,-67.83,-74.087,-77.062,0,-302.734,-933.517,-3.024,583,0,2290.275,7062.334,0,7713.845,2215.222,0,2602.012,8023.613,0,0,0,31520.201,27912.332,-1.84,-0.00590207,-0.341
79620,-3.0547,22.84,25.52,0,317.42,-243212.983,1818481.786,1955987.119,2031673.094,0,8050070.008,25273346.65,81188.434,7001867.919,-69.767,-75.043,-77.946,0,-308.846,-969.628,-3.115,582.799,0,2309.214,7249.822,0,7798.021,2160.407,0,2579.937,8099.762,0,0,0,32093.573,27914.659,1.081,0.00340564,0.197
79650,-3.1234,23.3,25.31,0,322.66,-248780.967,1855880.046,1942738.371,2016292.757,0,8051396.375,25699821.21,85577.155,6748412.901,-72.777,-76.183,-79.068,0,-315.731,-1007.803,-3.356,589.837,0,2355.318,7518.106,0,7869.966,2066.543,0,2558.9,8167.932,0,0,0,32615.929,27337.588,2.506,0.00776812,0.449
79680,-3.1638,23.51,25.13,0,320.83,-252088.701,1873635.36,1936568.218,2002269.955,0,8054325.279,25563877.82,113213.009,6687781.67,-74.394,-76.893,-79.502,0,-319.804,-1015.036,-4.495,590.893,0,2376.926,7544.199,0,7797.599,2039.935,0,2540.114,8062.147,0,0,0,32430.769,26928.376,0.835,0.00260133,0.15
79710,-3.1733,23.8,25.09,0,336.74,-252946.552,1897343.507,1933943.948,1999715.06,0,8056735.728,26841840.33,97089.171,6539558.911,-75.535,-76.992,-79.611,0,-320.747,-1068.601,-3.865,597.157,0,2405.91,8015.537,0,8170.16,1990.521,0,2535.722,8448.017,0,0,0,34036.57,27627.089,6.606,0.0196159,1.133
79740,-3.3165,23.79,25.06,0,331.13,-264460.032,1896800.099,1929227.168,1998535.581,0,8058322.961,26404441.76,65024.214,6452955.166,-78.891,-80.24,-83.123,0,-335.16,-1098.208,-2.704,596.185,0,2403.885,7876.732,0,8011.39,1957.896,0,2532.819,8299.203,0,0,0,33463.333,26796.815,4.173,0.0126014,0.728
79770,-3.3385,23.82,24.93,0,358.65,-266308.77,1900028.867,1924599.622,1988699.603,0,8061557.902,28609590.27,72360.101,6411817.464,-79.518,-80.547,-83.229,0,-337.385,-1197.341,-3.028,593.814,0,2407.132,8542.651,0,8653.122,1939.288,0,2519.469,8941.32,0,0,0,36245.278,28827.94,-0.423,-0.00117999,-0.068
79800,-3.4091,23.75,24.76,0,344.24,-272046.224,1895236.434,1917510.21,1976023.56,0,8063241.524,27470367.96,66023.711,6490314.724,-80.966,-81.917,-84.417,0,-344.466,-1173.549,-2.821,588.098,0,2399.757,8175.646,0,8271.731,1954.329,0,2502.05,8524.145,0,0,0,34783.106,27997.835,3.348,0.00972628,0.562
79830,-3.4724,24.05,24.64,0,46.55,-277201.41,1920044.018,1917703.402,1967385.603,0,8064085.789,3716175.91,55156.112,6414665.81,-83.517,-83.415,-85.576,0,-350.767,-161.644,-2.399,592.746,0,2429.596,1119.632,0,1118.267,1930.293,0,2489.501,1147.238,0,0,0,4702.395,3740.572,0.586,0.0125905,0.727
79860,-3.5363,24.21,24.74,0,21.86,-282405.213,1933179.006,1927542.487,1975684.491,0,8065022.295,1745650.955,52027.488,6329677.486,-85.602,-85.353,-87.485,0,-357.125,-77.299,-2.304,598.868,0,2444.663,529.14,0,527.598,1913.053,0,2498.415,540.775,0,0,0,2207.519,1732.528,-0.134,-0.00614271,-0.355
79890,-3.5895,24.29,24.74,0,53.45,-286764.22,1940480.166,1930801.493,1976828.518,0,8066254.186,4270158.048,93929.549,6213255.81,-87.187,-86.752,-88.82,0,-362.42,-191.86,-4.22,601.026,0,2452.428,1298.28,0,1291.804,1879.628,0,2498.366,1322.599,0,0,0,5396.734,4156.984,-0.246,-0.00460289,-0.266
79920,-3.6348,24.17,24.68,0,34.79,-290496.032,1931921.345,1928453.616,1972112.314,0,8066640.575,2780153.863,81371.347,6195971.756,-87.866,-87.708,-89.693,0,-366.878,-126.444,-3.701,596.5,0,2439.895,840.906,0,839.396,1870.715,0,2490.654,858.4,0,0,0,3511.16,2696.915,0.062,0.00177644,0.103
79950,-3.6405,24.05,24.8,0,326.54,-291059.487,1923105.308,1930227.254,1982467.383,0,8066160.661,26106825.03,73435.882,6299975.516,-87.568,-87.893,-90.272,0,-367.292,-1188.773,-3.344,596.447,0,2426.794,7854.53,0,7883.618,1902.437,0,2501.704,8096.982,0,0,0,32944.581,25730.96,2.127,0.00651373,0.376
79980,-3.7572,23.91,24.63,0,324.6,-300503.511,1912460.165,1921477.111,1970072.159,0,8068328.477,25961164.09,57821.309,6405403.898,-89.842,-90.266,-92.548,0,-379.027,-1219.582,-2.716,588.995,0,2412.199,7761.645,0,7798.24,1924.061,0,2484.866,7995.461,0,0,0,32744.995,25996.081,20.592,0.0634376,3.663
80010,-3.7362,23.69,24.63,0,265.36,-298931.936,1895392.895,1922253.052,1970425.472,0,8070641.078,21231293.58,34598.892,6525635.387,-88.508,-89.762,-92.012,0,-376.87,-991.426,-1.616,583.406,0,2389.564,6286.185,0,6375.268,1959.498,0,2484.16,6535.035,0,0,0,26766.769,21642.664,3.657,0.0137803,0.796
80040,-3.737,23.72,24.53,0,348.77,-299111.811,1898752.102,1913535.49,1963542.881,0,8073726.117,27915494.77,33598.535,6575412.891,-88.652,-89.342,-91.677,0,-376.958,-1303.361,-1.569,581.962,0,2392.92,8273.694,0,8338.111,1964.018,0,2474.573,8556.015,0,0,0,35180.757,28651.951,4.147,0.0118906,0.687
80070,-3.7245,23.75,24.52,0,345.21,-298222.229,1901485.545,1910310.861,1963105.015,0,8076816.43,27641244.95,38766.683,6588598.002,-88.449,-88.86,-91.315,0,-375.699,-1285.754,-1.803,582.233,0,2395.486,8198.058,0,8236.107,1963.168,0,2473.114,8463.724,0,0,0,34822.356,28406.057,4.351,0.0126024,0.728
80100,-3.8252,23.79,24.49,0,326.66,-306396.275,1905498.099,1906828.56,1961428.725,0,8082309.563,26165385.9,35784.683,6557650.363,-90.997,-91.061,-93.668,0,-385.97,-1249.527,-1.709,582.527,0,2400.374,7770.888,0,7776.313,1948.924,0,2470.831,7998.981,0,0,0,32960.789,26743.015,4.999,0.015303,0.884
80130,-3.903,23.95,24.36,0,34.33,-312750.541,1919391.551,1895830.927,1952127.06,0,8088583.307,2750725.076,62515.831,6544718.889,-93.491,-92.344,-95.086,0,-393.986,-133.985,-3.045,583.554,0,2417.941,822.281,0,812.188,1932.415,0,2459.18,836.306,0,0,0,3465.208,2803.806,0.588,0.0171241,0.989
80160,-3.8884,23.99,24.21,0,357.22,-311690.589,1923412.747,1888289.04,1940650.354,0,8094469.395,28634683.06,45648.683,6501244.741,-93.3,-91.596,-94.136,0,-392.642,-1388.995,-2.214,580.904,0,2422.956,8571.354,0,8414.832,1910.511,0,2444.67,8648.171,0,0,0,36071.595,28971.667,5.885,0.0164752,0.951
80190,-3.9998,23.74,24.2,4.4924,332,-320746.788,1903587.107,1889580.32,1940841.778,360249.245,8098766.977,26622991.79,67090.258,6623715.223,-94.95,-94.251,-96.808,-17.969,-403.962,-1327.941,-3.346,574.543,106.644,2397.459,7881.143,105.859,7823.152,1946.375,108.731,2444.379,8035.383,453.713,1491.487,371.077,33530.138,27423.197,1.826,0.00550143,0.318
80220,-4.1261,23.9,24.11,40.9077,336.74,-330997.423,1917275.648,1889914.211,1934494.069,3281614.09,8104334.114,27013619.72,73302.108,6618620.45,-98.615,-97.208,-99.501,-168.79,-416.847,-1389.447,-3.77,576.35,977.703,2414.552,8048.26,963.75,7933.404,1943.767,986.483,2436.236,8120.539,4132.754,13775.424,3375.124,34020.039,27783.371,2.723,0.00808758,0.467
80250,-4.2056,24.59,24.14,63.3378,323.25,-337501.9,1973156.505,1907499.165,1936887.518,5082859.253,8109519.384,25940924.85,55381.769,6424781.673,-103.406,-99.966,-101.506,-266.375,-424.992,-1359.476,-2.902,593.439,1557.326,2484.658,7947.983,1505.506,7683.511,1902.973,1528.7,2438.987,7801.889,6400.488,20474.036,5070.799,32665.589,25879.373,2.277,0.00704464,0.407
80280,-4.1835,24.87,24.22,112.1132,331.67,-335847.983,1996441.574,1935015.332,1944532.526,9000447.696,8114139.558,26626066.2,81128.881,6448504.848,-104.036,-100.835,-101.331,-469.021,-422.835,-1387.506,-4.228,602.361,2788.085,2513.532,8248.004,2702.301,7994.231,1936.104,2715.592,2448.178,8033.55,11331.616,37184.024,9005.512,33522.373,26641.048,9.562,0.0288316,1.665
80310,-4.4078,25.5,24.41,162.4538,58.69,-353989.97,2047508.269,1974657.461,1960070.756,13046664.68,8116829.031,4713552.914,121622.026,6251691.604,-112.377,-108.379,-107.578,-716.063,-445.49,-258.702,-6.675,622.24,4141.769,2576.753,1496.356,3994.404,1443.115,1914.036,3964.898,2466.715,1432.455,16418.998,9534.735,12646.134,5931.923,4568.848,0.244,0.00416359,0.24
80340,-4.4762,26.27,24.65,381.1944,65.53,-359616.476,2110348.625,2035986.724,1980338.42,30625158.1,8119518.248,5264471.316,195601.307,6011277.58,-117.579,-113.436,-110.336,-1706.296,-452.383,-293.313,-10.898,647.485,10013.108,2654.733,1721.255,9660.278,1660.604,1896.173,9396.24,2491.185,1615.216,38525.204,24978.678,28522.098,6622.491,4902.955,0.245,0.00373509,0.216
80370,-4.4545,27.1,25.12,454.7833,47.69,-358004.764,2177976.367,2149563.161,2019175.695,36550933.82,8122978.418,3833239.113,220978.038,5836463.688,-120.713,-119.138,-111.912,-2025.813,-450.211,-212.455,-12.248,680.831,12324.341,2738.927,1292.502,12163.561,1275.64,1942.281,11425.748,2539.227,1198.263,45964.849,21690.844,33026.331,4820.513,3463.6,0.298,0.00624897,0.361
80400,-4.5532,27.11,25.97,364.209,40.56,-366073.386,2179617.468,2220426.9,2087676.852,29282403.6,8124829.695,3260754.66,176526.24,5950647.195,-123.434,-125.746,-118.228,-1658.299,-460.119,-184.661,-9.997,703.933,9873.586,2739.57,1099.477,10058.451,1120.063,2044.036,9457.098,2624.01,1053.099,36805.175,14771.097,26956.21,4098.456,3001.72,0.249,0.00613569,0.354
80430,-4.6591,27.38,26.47,504.9023,37.53,-374734.74,2202035.06,2271207.273,2128971.644,40609291.99,8127765.159,3018487.229,201396.479,5864540.332,-127.559,-131.566,-123.327,-2352.411,-470.824,-174.855,-11.666,724.7,13823.357,2766.682,1027.49,14257.588,1059.766,2058.992,13364.698,2674.884,993.398,51022.346,18948.665,36814.869,3792.489,2736.448,0.157,0.00417125,0.241
80460,-3.4578,27.53,27.1,528.6349,60.41,-278215.781,2215018.742,2347883.145,2180312.321,42533964.05,8128100.615,4860830.785,224594.435,5677594.859,-95.192,-100.902,-93.7,-1827.922,-349.31,-208.897,-9.652,745.995,14553.023,2781.035,1663.136,15425.963,1762.897,2059.116,14324.996,2737.46,1637.077,53402.904,31936.426,37302.694,6102.946,4262.995,0.754,0.0124768,0.72
80490,-2.815,27.52,27.71,395.0166,49.99,-226580.051,2215079.971,2384448.638,2230713.543,31794886.13,8126412.87,4023740.174,206599.076,5660454.465,-77.469,-83.392,-78.016,-1111.975,-284.208,-140.724,-7.225,762.692,10870.833,2778.462,1375.737,11702.035,1480.928,2083.317,10947.557,2798.072,1385.447,39881.575,19747.101,27779.519,5047.135,3515.583,0.267,0.00534858,0.309
80520,-2.5767,28.35,28.03,613.2599,38.98,-207473.627,2282481.115,2422716.358,2256600.377,49379687.15,8125364.076,3138997.316,198693.729,5485012.619,-73.04,-77.528,-72.212,-1580.17,-260.015,-100.449,-6.358,794.428,17383.931,2860.504,1105.072,18451.997,1172.968,2049.617,17186.817,2828.069,1092.542,61884.749,23907.367,41775.19,3933.927,2655.59,0.254,0.00652696,0.377
80550,-1.9744,28.42,28.63,508.028,33.4,-159041.745,2289458.957,2495225.543,2306323.71,40921655.4,8125187.905,2689993.026,237149.672,5470603.009,-56.119,-61.163,-56.533,-1003.075,-199.165,-65.937,-5.813,813.808,14439.593,2867.049,949.19,15737.361,1034.499,2103.846,14545.959,2888.169,956.181,51245.474,16965.758,34503.035,3368.631,2268.064,0.162,0.00483759,0.279
80580,-1.222,28.71,29.16,544.4945,40.91,-98469.462,2313822.468,2548452.089,2349890.076,43875366.81,8124430.212,3296750.201,280558.287,5294623.358,-35.089,-38.648,-35.636,-665.377,-123.208,-49.996,-4.255,837.381,15634.942,2895.132,1174.794,17220.379,1293.922,2078.055,15878.658,2940.261,1193.106,54898.332,22276.773,35776.785,4125.005,2688.231,0.157,0.00383463,0.221
80610,-0.2716,28.38,29.82,619.5113,51.73,-21892.897,2287540.907,2576873.574,2403409.721,49938805.89,8124573.079,4170021.4,286228.537,5353433.116,-7.707,-8.682,-8.098,-168.253,-27.373,-14.05,-0.964,846.094,17580.417,2860.168,1468.011,19804.023,1653.688,2122.989,18470.903,3005.042,1542.369,62439.708,32047.828,41142.691,5213.88,3435.523,0.035,0.000668817,0.039
80640,-0.197,28.6,30.13,534.0755,59.2,-15885.137,2306431.411,2597787.763,2429943.667,43067848.32,8125553.468,4773950.899,256114.253,5353999.11,-5.634,-6.346,-5.936,-105.207,-19.849,-11.662,-0.626,861.858,15275.403,2881.99,1693.236,17205.045,1907.131,2138.853,16093.42,3036.324,1783.911,53815.216,31617.686,35459.322,5965.267,3930.567,0.149,0.00251066,0.145
80670,-0.0512,28.21,30.48,403.7637,45.94,-4128.043,2275786.21,2578869.047,2458762.711,32571617.68,8127003.827,3705946.725,272054.009,5468533.679,-1.444,-1.636,-1.56,-20.661,-5.155,-2.351,-0.173,859.853,11390.602,2842.09,1296.005,12907.57,1468.603,2167.086,12306.423,3070.598,1400.205,40676.697,18548.739,27370.713,4628.13,3114.196,-0.152,-0.00331195,-0.191
80700,-0.0887,27.96,30.06,466.8238,49.95,-7155.005,2256149.268,2491399.452,2426057.469,37672680.66,8128237.463,4030563.921,249907.725,5465477.866,-2.479,-2.737,-2.665,-41.389,-8.93,-4.428,-0.275,840.469,13051.105,2815.899,1396.325,14411.952,1541.921,2090.857,14033.97,3027.962,1501.481,47019.265,23315.529,31616.049,5030.546,3382.571,-0.083,-0.0016705,-0.096
80730,-0.1151,28.5,29.79,539.456,52.31,-9289.596,2300792.083,2500632.74,2404564.847,43550282.88,8133789.394,4222778.824,288203.355,5452901.814,-3.279,-3.564,-3.427,-62.075,-11.594,-6.019,-0.411,848.875,15374.41,2871.444,1490.753,16709.79,1620.236,2092.222,16067.843,3000.955,1557.991,54351.808,28217.557,36437.515,5270.13,3533.101,-0.054,-0.00103659,-0.06
80760,-0.0596,27.1,30.05,260.9462,67.14,-4810.868,2188861.7,2479863.401,2426962.37,21074015.11,8137944.701,5421863.788,244833.147,5956416.524,-1.615,-1.829,-1.79,-15.545,-6.003,-3.999,-0.181,814.496,7072.501,2731.118,1819.593,8012.765,2061.502,2264.75,7841.835,3028.204,2017.525,26294.771,17518.756,19245.967,6765.045,4951.549,0.098,0.00146174,0.084
80790,-0.1076,26.49,29.8,164.4943,64.1,-8692.224,2140134.371,2410198.375,2407608.248,13289494.5,8143673.199,5178650.311,214121.534,6097043.616,-2.85,-3.21,-3.206,-17.698,-10.845,-6.897,-0.285,789.426,4357.469,2670.215,1698.018,4907.339,1912.292,2251.422,4902.065,3003.938,1910.237,16581.109,10544.108,12414.023,6461.327,4837.497,0.164,0.00256428,0.148
80820,-0.2385,25.99,29.28,108.2032,55.29,-19276.274,2100848.819,2336791.495,2366736.113,8744982.624,8148662.057,4468395.557,211202.218,6247649.052,-6.2,-6.896,-6.984,-25.807,-24.048,-13.187,-0.623,761.214,2812.652,2620.858,1437.172,3128.536,1598.578,2235.11,3168.627,2952.558,1619.063,10909.568,5982.364,8364.46,5574.427,4273.961,0.31,0.00560325,0.324
80850,-0.1338,26.05,28.82,87.7122,50.43,-10818.104,2106113.394,2294523,2330333.082,7091528.945,8155169.414,4077100.566,171236.338,6149066.906,-3.486,-3.797,-3.857,-11.736,-13.497,-6.747,-0.283,750.827,2284.87,2627.572,1313.63,2489.271,1431.146,2158.448,2528.121,2907.307,1453.481,8847.342,4423.146,6670.971,5086.562,3835.311,0.09,0.0017931,0.104
80880,-0.2019,25.63,28.34,16.9918,56.05,-16333.513,2073017.486,2242997.321,2292331.694,1374298.402,8161700.613,4532977.834,169197.32,6161642.887,-5.176,-5.6,-5.724,-3.431,-20.379,-11.318,-0.422,726.437,435.514,2586.434,1436.496,471.224,1554.283,2112.725,481.589,2860.065,1588.469,1714.666,952.319,1294.48,5655.643,4269.705,0.236,0.00420337,0.243
80910,-0.2892,25.13,27.94,0,61.24,-23397.73,2033541.776,2186180.109,2260970.886,0,8167547.914,4955184.076,156681.891,6278688.933,-7.268,-7.814,-8.081,0,-29.192,-17.71,-0.56,702.334,0,2537.116,1539.248,0,1654.784,2096.769,0,2820.865,1711.395,0,0,0,6182.257,4752.524,0.275,0.0044943,0.26
80940,-0.2896,24.72,27.47,0,56.35,-23439.442,2001093.38,2135461.064,2223017.909,0,8173058.97,4561019.992,144545.971,6315740.782,-7.16,-7.64,-7.954,0,-29.242,-16.319,-0.517,679.022,0,2496.466,1393.166,0,1486.713,2058.683,0,2773.328,1547.671,0,0,0,5690.104,4397.034,0.331,0.00586917,0.339
80970,-0.2497,24.51,27.11,0,46.25,-20215.94,1984192.522,2096858.228,2195122.61,0,8178838.368,3744507.042,166069.389,6354782.343,-6.118,-6.466,-6.769,0,-25.22,-11.546,-0.512,664.346,0,2475.296,1133.262,0,1197.61,2032.457,0,2738.433,1253.733,0,0,0,4671.303,3629.502,0.178,0.00385103,0.222
81000,-0.3555,24.34,26.66,0,49.2,-28793.726,1971922.32,2062311.84,2159615.52,0,8184895.959,3985101.18,154952.757,6400186.836,-8.654,-9.051,-9.478,0,-35.92,-17.489,-0.68,649.077,0,2459.988,1197.731,0,1252.632,2011.764,0,2694.136,1311.734,0,0,0,4971.443,3887.424,0.147,0.00299503,0.173
81030,-0.4511,24.17,26.38,0,57.39,-36555.158,1958742.242,2039473.241,2137204.334,0,8189427.786,4650072.662,154581.417,6419059.646,-10.905,-11.355,-11.899,0,-45.594,-25.889,-0.861,637.576,0,2443.088,1387.22,0,1444.395,1993.874,0,2665.679,1513.61,0,0,0,5799.915,4546.105,0.29,0.00504897,0.292
81060,-0.4964,24.18,26.09,0,56.38,-40237.897,1959837.877,2019535.325,2115130.193,0,8193055.935,4569790.735,168823.905,6207915.683,-12.002,-12.367,-12.953,0,-50.173,-27.985,-1.034,630.876,0,2443.728,1363.023,0,1404.541,1908.025,0,2637.362,1471.026,0,0,0,5698.086,4317.466,0.458,0.00812721,0.469
81090,-0.5764,24.05,25.81,0,40.03,-46743.299,1950152.061,1998968.241,2092860.73,0,8195301.59,3246185.96,163609.536,6214768.678,-13.863,-14.21,-14.877,0,-58.257,-23.076,-1.163,620.689,0,2430.518,962.736,0,986.835,1889.28,0,2608.379,1033.187,0,0,0,4045.794,3068.059,0.503,0.0125614,0.725
81120,-0.5456,23.96,25.6,0,12.65,-44259.116,1943815.286,1983280.978,2076855.331,0,8198662.245,1025832.974,126691.512,6262720.759,-13.074,-13.339,-13.969,0,-55.143,-6.9,-0.852,613.487,0,2421.821,303.023,0,309.175,1887.519,0,2587.577,323.763,0,0,0,1278.097,976.301,0.108,0.00850313,0.491
81150,-0.6407,23.84,25.37,0,39.98,-51988.875,1934474.799,1972537.395,2058411.948,0,8203837.333,3243996.407,126397.86,6398058.734,-15.272,-15.573,-16.25,0,-64.766,-25.61,-0.998,604.67,0,2409.922,952.942,0,971.692,1916.445,0,2564.32,1013.995,0,0,0,4041.293,3151.748,0.006,0.000144562,0.008
81180,-0.649,24.03,25.15,0,55.09,-52687.355,1951016.8,1960164.162,2041853.161,0,8206072.464,4472608.853,196997.071,6358267.242,-15.598,-15.671,-16.324,0,-65.606,-35.758,-1.575,604.488,0,2429.396,1324.109,0,1330.317,1891.181,0,2542.505,1385.758,0,0,0,5569.269,4315.207,0.188,0.00341853,0.197
81210,-0.7054,23.91,25.09,0,44.95,-57287.733,1941589.795,1960164.958,2037636.862,0,8208006.677,3650401.682,127993.619,6421554.004,-16.866,-17.027,-17.7,0,-71.298,-31.709,-1.112,599.881,0,2416.441,1074.68,0,1084.961,1908.595,0,2535.978,1127.842,0,0,0,4543.174,3554.363,0.364,0.00809905,0.468
81240,-0.7389,23.83,25.04,0,45.35,-60032.094,1936349.713,1963085.797,2034041.626,0,8209428.483,3684033.337,129690.805,6436763.181,-17.613,-17.856,-18.501,0,-74.672,-33.509,-1.18,596.766,0,2408.557,1080.855,0,1095.779,1914.551,0,2530.072,1135.386,0,0,0,4582.439,3592.951,0.222,0.00489936,0.283
81270,-0.7583,23.65,24.84,0,46.14,-61628.246,1921801.442,1953860.832,2018595.638,0,8209258.973,3749965.216,157605.529,6514611.887,-17.932,-18.231,-18.835,0,-76.599,-34.99,-1.471,587.35,0,2388.647,1091.127,0,1109.329,1927.177,0,2508.954,1146.083,0,0,0,4660.91,3698.752,0.55,0.0119108,0.688
81300,-0.7128,23.46,24.62,0,356.89,-57950.187,1907503.689,1937253.798,2001236.898,0,8207077.3,29015067.57,131880.47,6592928.893,-16.724,-16.985,-17.546,0,-71.955,-254.388,-1.156,577.541,0,2368.497,8373.517,0,8504.113,1932.341,0,2484.883,8784.984,0,0,0,36027.242,28941.49,1.609,0.00450767,0.26
81330,-0.7451,23.42,24.65,0,1.4,-60599.857,1904775.439,1934290.096,2004434.781,0,8205042.015,113965.777,123857.538,6527467.812,-17.451,-17.721,-18.364,0,-75.171,-1.044,-1.135,577.21,0,2362.779,32.818,0,33.327,1908.819,0,2486.401,34.535,0,0,0,141.369,112.465,0.025,0.0176749,1.021
81360,-0.7149,23.46,24.54,0,8.79,-58164.807,1908732.449,1926984.751,1996476.768,0,8207120.43,715311.506,91631.375,6497889.625,-16.772,-16.932,-17.543,0,-72.116,-6.285,-0.805,575.688,0,2366.541,206.262,0,208.234,1891.597,0,2475.33,215.743,0,0,0,886.879,702.175,0.025,0.00288753,0.167
81390,-0.7981,23.42,24.47,0,43.97,-64954.912,1906358.903,1932997.85,1991337.388,0,8207756.235,3578682.488,159147.239,6623865.901,-18.693,-18.954,-19.526,0,-80.481,-35.091,-1.561,573.07,0,2362.039,1029.878,0,1044.269,1932.862,0,2467.33,1075.786,0,0,0,4434.1,3578.431,-0.03,-0.000676981,-0.039
81420,-0.8756,23.25,24.41,0,18.09,-71288.073,1893120.032,1927688.521,1987064.87,0,8209447.883,1473155.672,124886.474,6617685.583,-20.358,-20.73,-21.368,0,-88.281,-15.842,-1.343,567.451,0,2344.39,420.692,0,428.374,1924.336,0,2460.729,441.569,0,0,0,1824.317,1470.593,0.138,0.00764325,0.441
81450,-0.893,23.07,24.4,0,339.58,-72737.222,1879183.449,1919651.882,1987239.906,0,8212067.888,27658473.35,138173.898,6654689.12,-20.604,-21.047,-21.788,0,-90.038,-303.251,-1.515,562.908,0,2326.16,7834.571,0,8003.289,1925.609,0,2459.918,8285.073,0,0,0,34237.225,27744.302,1.265,0.00372405,0.215
81480,-0.9011,23.09,24.16,0,335.86,-73418.347,1881306.386,1902109.86,1968402.803,0,8214754.546,27366272.05,129388.61,6657975.867,-20.805,-21.035,-21.768,0,-90.844,-302.634,-1.431,557.791,0,2327.834,7754.845,0,7840.598,1907.549,0,2435.603,8113.861,0,0,0,33861.656,27444.531,1.924,0.00572711,0.331
81510,-0.9246,23,24.12,0,331.44,-75364.191,1874564.535,1898121.74,1966321.972,0,8219787.539,27015780.36,117225.644,6750128.458,-21.264,-21.531,-22.305,0,-93.24,-306.451,-1.33,554.796,0,2319.205,7622.477,0,7718.267,1928.476,0,2432.727,7995.587,0,0,0,33423.838,27447.814,3.304,0.00996749,0.576
81540,-1.0812,23.31,23.87,0,352.61,-88162.923,1900995.836,1896424.704,1946762.608,0,8225750.466,28751933.56,118662.063,6783755.163,-25.207,-25.147,-25.814,0,-109.074,-381.252,-1.573,556.612,0,2351.881,8220.662,0,8200.895,1934.926,0,2408.503,8418.576,0,0,0,35571.418,29335.656,3.436,0.00974535,0.563
81570,-1.1121,22.93,24.04,0,332.93,-90713.209,1870331.581,1920113.752,1960678.513,0,8231515.429,27157336.65,122125.054,7135159.783,-25.499,-26.178,-26.731,0,-112.225,-370.251,-1.665,551.143,0,2313.862,7633.872,0,7837.061,2059.063,0,2425.634,8002.628,0,0,0,33597.429,29122.587,1.309,0.0039328,0.227
81600,-1.1175,23.23,23.99,0,5.96,-91187.045,1895332.992,1917804,1957273.92,0,8235875.083,486063.864,134290.589,7050387.016,-25.956,-26.264,-26.804,0,-112.788,-6.657,-1.839,557.13,0,2344.31,138.356,0,139.997,2030.658,0,2420.923,142.878,0,0,0,601.205,514.667,0.034,0.00574572,0.332
81630,-1.1392,23.31,24.05,4.1973,358.04,-92993.107,1902837.748,1918848.656,1963594.14,342622.497,8241606.729,29227090.91,116475.888,6980390.737,-26.555,-26.779,-27.403,-4.782,-115.017,-407.884,-1.626,560.73,97.84,2353.499,8346.18,98.664,8416.407,2010.115,100.964,2428.645,8612.668,423.768,1502.802,358.919,36149.133,30617.218,4.104,0.0114625,0.662
81660,-1.2651,23.57,23.96,21.5875,5.15,-103305.611,1924699.252,1916673.707,1956343.319,1762831.984,8246864.568,420309.246,124708.947,6956356.038,-29.817,-29.693,-30.308,-27.31,-127.76,-6.511,-1.932,564.663,508.809,2380.307,121.315,506.688,120.809,1999.453,517.175,2419.442,123.309,2180.123,111.112,1838.967,519.803,438.462,0.056,0.0108042,0.624
81690,-1.317,24.01,24.03,106.011,5.02,-107582.274,1961166.957,1942362.736,1962719.884,8660038.59,8250467.505,410272.341,148062.88,6864590.545,-31.617,-31.314,-31.642,-139.612,-133.009,-6.614,-2.387,576.813,2545.052,2424.685,120.573,2520.649,119.417,1998.054,2547.067,2426.605,120.668,10706.822,532.42,8908.338,507.239,422.036,0.016,0.00311501,0.18
81720,-1.3359,24.77,24.18,212.504,28.7,-109167.791,2024595.839,2019186.792,1976293.598,17365826.88,8254574.921,2345046.109,179915.406,6631345.008,-33.096,-33.008,-32.306,-283.879,-134.937,-38.334,-2.941,599.147,5264.742,2502.513,710.94,5250.676,709.041,2005.032,5139.137,2442.809,693.979,21465.127,6098.038,17244.094,2898.607,2328.608,0.246,0.00855767,0.494
81750,-1.3759,24.89,24.58,204.8438,33.19,-112478.702,2034359.378,2087735.588,2009687.228,16745980.65,8259812.806,2713558.815,224700.421,6604219.477,-34.239,-35.137,-33.824,-281.842,-139.016,-45.67,-3.782,611.759,5097.565,2514.33,826.022,5231.311,847.694,2063.106,5035.743,2483.837,816.004,20696.898,6799.458,16548.421,3353.775,2681.546,0.486,0.0146346,0.845
81780,-1.4151,24.83,24.92,214.0336,42.74,-115726.088,2030905.711,2128491.331,2037826.752,17503667.81,8263143.296,3495652.57,229756.33,6712641.364,-35.142,-36.831,-35.262,-302.877,-142.982,-60.487,-3.976,618.818,5315.261,2509.232,1061.509,5570.661,1112.515,2136.344,5333.375,2517.783,1065.127,21626.196,9148.778,17568.242,4318.962,3508.549,-0.331,-0.00774789,-0.447
81810,-1.5322,25.22,25.17,389.4349,60.34,-125350.328,2062881.691,2165567.967,2058835.369,31859669.17,8267796.734,4936455.487,233777.556,6622819.466,-38.636,-40.559,-38.56,-596.697,-154.847,-92.454,-4.378,634.575,9819.804,2548.305,1521.517,10308.614,1597.255,2142.9,9800.542,2543.306,1518.532,39356.663,23498.693,31526.183,6098.068,4884.784,0.526,0.00872342,0.504
81840,-1.5348,24.94,25.87,377.4877,52.54,-125604.235,2041142.796,2258797.094,2117059.217,30893593.37,8268988.556,4299970.171,202252.829,6961207.333,-38.278,-42.359,-39.701,-579.351,-155.069,-80.638,-3.793,645.171,9414.789,2519.965,1310.411,10418.721,1450.145,2347.635,9764.954,2613.69,1359.149,38140.78,19833.649,32108.628,5308.681,4469.087,0.352,0.00670827,0.387
81870,-1.5218,24.92,26.3,271.0407,45.86,-124592.651,2040233.967,2310381.224,2153293.162,22190102.11,8270332.896,3754588.492,156177.095,7099879.938,-37.925,-42.946,-40.026,-412.479,-153.733,-69.792,-2.903,655.441,6754.445,2517.407,1142.859,7648.801,1294.185,2447.288,7128.742,2656.908,1206.191,27379.954,12430.027,23505.025,4632.717,3977.075,1.478,0.0322229,1.861
81900,-1.4421,25.03,26.71,284.2857,43.28,-118109.706,2049601.554,2312077.95,2187598.14,23282998.83,8270134.479,3544954.686,203624.612,6933185.73,-36.09,-40.712,-38.52,-409.974,-145.623,-62.421,-3.585,668.45,7114.437,2527.052,1083.209,8025.527,1221.927,2389.833,7593.442,2697.195,1156.14,28706.727,12305.005,24066.002,4370.745,3664.171,1.075,0.0248247,1.433
81930,-1.6304,25.75,26.81,543.4073,38.13,-133577.546,2109829.407,2346290.858,2196500.696,44521360.09,8269932.235,3124048.251,260434.824,6531030.783,-41.985,-46.691,-43.71,-885.964,-164.57,-62.168,-5.183,690.387,13993.613,2599.342,981.927,15561.962,1091.977,2282.852,14568.467,2706.122,1022.264,54850.989,20720.501,43317.586,3848.875,3039.58,0.247,0.00647348,0.374
81960,-1.8572,26.05,27.19,554.2543,37.66,-152218.833,2135173.564,2410034.62,2228219.473,45426682.43,8268605.269,3086540.656,276223.559,6164566.055,-48.384,-54.612,-50.492,-1029.379,-187.369,-69.942,-6.259,708.251,14439.106,2628.219,981.073,16297.853,1107.367,2211.678,15068.329,2742.751,1023.826,55916.423,20872.724,41687.863,3799.272,2832.505,0.042,0.00110544,0.064
81990,-1.7213,26.54,27.61,571.5839,52.42,-141126.42,2176291.726,2463663.397,2263910.34,46864163.96,8266109.814,4297951.056,300017.398,5918919.226,-45.688,-51.721,-47.528,-983.847,-173.535,-90.229,-6.298,732.917,15171.769,2676.064,1391.415,17175.147,1575.147,2169.212,15782.592,2783.804,1447.434,57626.238,29962.674,41263.068,5284.95,3784.27,-0.037,-0.000702419,-0.041
82020,-1.8375,26.73,28.05,591.38,50.37,-150712.464,2192604.571,2533847.961,2300311.595,48504987.6,8264997.808,4131138.249,290533.541,5906778.499,-49.121,-56.766,-51.534,-1086.666,-185.162,-92.551,-6.509,749.734,15809.101,2693.789,1346.451,18269.532,1556.004,2224.804,16585.69,2826.115,1412.592,59592.226,29786.303,42589.011,5075.431,3627.278,0.359,0.007127,0.412
82050,-1.8469,26.84,28.83,437.1788,41.63,-151536.18,2202605.174,2567463.473,2365509.705,35870520.54,8266375.891,3416032.778,310397.694,5925278.984,-49.579,-57.791,-53.246,-807.415,-186.069,-76.892,-6.987,773.935,11735.921,2704.548,1117.639,13679.959,1302.774,2259.727,12603.909,2904.576,1200.299,44044.903,18201.305,31571.071,4194.498,3006.586,0.356,0.00855729,0.494
82080,-1.99,26.41,29.23,352.154,44.08,-163338.24,2167380.677,2536893.346,2399286.226,28904800.32,8267336.641,3618470.534,350115.277,5893163.643,-52.547,-61.506,-58.169,-700.782,-200.437,-87.728,-8.488,771.867,9298.876,2659.66,1164.087,10884.224,1362.55,2219.096,10293.838,2944.238,1288.642,35469.976,15524.596,25283.883,4440.337,3165.183,0.367,0.00833199,0.481
