del_t,h,Ta,Ts,SR,WD,del_t*h,del_t*Ta,del_t*Tf,del_t*Ts,del_t*SR,del_t*Pr,del_t*WD,del_t*WS,del_t*RH,h*Ta,h*Tf,h*Ts,h*SR,h*Pr,h*WD,h*WS,Ta*Ts,Ta*SR,Ta*Pr,Ta*WD,Tf*SR,Tf*WD,Tf*RH,Ts*SR,Ts*Pr,Ts*WD,SR*Pr,SR*WD,SR*RH,Pr*WD,WD*RH,WS*RH,CH4 Âµmol/m^2/sec,CH4 mg/m^2/h,Date
0,5.5536,29.85,29.1,542.0742,75.46,0.0,0.0,0.0,0.0,0.0,0.0,0.0,0.0,0.0,165.756,169.669,161.608,3010.465,559.596,419.057,17.141,868.527,16179.05,3007.417,2252.126,16561.028,2305.298,1905.002,15774.224,2932.167,2195.774,54620.809,40903.19,33800.691,7603.225,4705.061,19.026,0.252148,14.56,2016-01-04 00:00:00
30,5.4536,29.95,29.31,509.3742,62.09,163.608,898.622,916.009,879.238,15281.226,3022.619,1862.709,102.174,1875.599,163.358,166.518,159.834,2777.925,549.472,338.616,18.574,877.891,15257.825,3017.991,1859.857,15553.048,1895.843,1908.962,14928.698,2952.89,1819.738,51321.477,31627.197,31846.061,6255.845,3881.884,15.807,0.254587,14.701,2016-01-04 00:30:00
60,5.6436,29.83,29.27,647.909,51.76,338.616,1789.819,1823.176,1756.169,38874.54,6045.807,3105.444,259.88,3762.254,168.35,171.488,165.185,3656.542,568.669,292.098,24.444,873.118,19327.333,3005.806,1543.94,19687.538,1572.714,1905.348,18963.966,2949.295,1514.913,65285.547,33534.085,40626.642,5215.254,3245.408,11.38,0.219873,12.696,2016-01-04 01:00:00
90,5.6436,28.98,29.72,272.4586,60.52,507.924,2608.637,2759.632,2674.931,24521.274,9069.288,5446.371,365.687,5797.833,163.579,173.047,167.736,1537.648,568.705,341.524,22.931,861.472,7897.172,2920.8,1754.025,8354.284,1855.553,1975.295,8097.865,2995.027,1798.6,27455.618,16487.895,17551.884,6098.112,3898.414,9.089,0.150195,8.673,2016-01-04 01:30:00
120,5.6236,28.66,29.57,210.7159,55.96,674.832,3439.064,3635.528,3548.483,25285.908,12093.004,6715.631,385.881,7879.943,161.166,170.373,166.294,1184.983,566.719,314.717,18.084,847.463,6038.88,2888.099,1603.853,6383.864,1695.477,1989.427,6231.015,2979.987,1654.882,21234.902,11792.418,13836.91,5639.733,3674.916,6.892,0.12315,7.111,2016-01-04 02:00:00
150,5.5836,29.04,29.15,308.6784,60.77,837.541,4355.304,4456.118,4371.921,46301.76,15119.631,9115.827,374.167,9708.7,162.122,165.875,162.74,1723.538,562.813,339.328,13.928,846.269,8962.588,2926.693,1764.542,9170.048,1805.386,1922.805,8996.784,2937.859,1771.274,31114.023,18759.059,19979.106,6125.686,3933.459,5.227,0.0860142,4.967,2016-01-04 02:30:00
180,5.5986,28.62,29.22,182.1138,62.62,1007.749,5151.739,5335.648,5258.707,32780.484,18149.574,11272.379,505.192,11771.603,160.236,165.957,163.563,1019.583,564.513,350.609,15.713,836.157,5212.237,2885.86,1792.357,5398.306,1856.341,1938.553,5320.462,2945.781,1829.572,18362.71,11404.755,11909.841,6314.472,4095.493,6.302,0.10063,5.811,2016-01-04 03:00:00
210,5.7136,27.73,29.45,31.5244,52.66,1199.857,5822.458,6229.862,6184.513,6620.12,21179.979,11058.606,554.666,14050.348,158.415,169.5,168.266,180.118,576.257,300.879,15.091,816.532,874.045,2796.361,1460.051,935.203,1562.213,1984.846,928.395,2970.246,1550.841,3179.456,1660.075,2109.183,5311.135,3523.294,5.03,0.0955205,5.516,2016-01-04 03:30:00
240,5.6036,26.94,29.35,0.0,21.37,1344.865,6466.514,7048.961,7043.244,0.0,24214.645,5129.868,428.444,17241.931,150.982,164.582,164.448,0.0,565.372,119.774,10.003,790.716,0.0,2718.478,575.909,0.0,627.782,2110.029,0.0,2960.931,627.273,0.0,0.0,0.0,2156.561,1535.57,2.225,0.104108,6.012,2016-01-04 04:00:00
270,5.6686,26.72,29.05,0.0,350.58,1530.523,7213.517,7808.284,7843.808,0.0,27251.594,94657.707,361.935,19946.244,151.447,163.934,164.679,0.0,572.143,1987.322,7.599,776.151,0.0,2696.568,9366.461,0.0,10138.741,2136.433,0.0,2932.185,10184.868,0.0,0.0,0.0,35385.095,25899.393,27.743,0.0791333,4.569,2016-01-04 04:30:00
300,5.4986,26.18,28.77,0.0,35.65,1649.581,7853.367,8575.272,8629.671,0.0,30290.006,10696.095,387.461,22827.146,143.942,157.173,158.17,0.0,555.176,196.045,7.102,753.022,0.0,2643.095,933.337,0.0,1019.132,2174.989,0.0,2904.364,1025.598,0.0,0.0,0.0,3599.831,2712.904,4.294,0.120445,6.955,2016-01-04 05:00:00
330,5.6236,25.9,28.6,0.0,350.71,1855.789,8547.356,9348.458,9437.234,0.0,33325.847,115735.224,479.952,25620.699,145.657,159.309,160.822,0.0,567.913,1972.27,8.179,740.711,0.0,2615.683,9083.84,0.0,9935.224,2199.394,0.0,2888.006,10029.572,0.0,0.0,0.0,35417.579,27228.81,29.117,0.0830227,4.794,2016-01-04 05:30:00
360,5.4636,25.57,28.35,0.0,320.16,1966.897,9204.98,10083.452,10207.742,0.0,36363.93,115257.816,671.503,28632.084,139.701,153.033,154.92,0.0,551.884,1749.231,10.191,725.016,0.0,2582.788,8186.311,0.0,8967.567,2227.703,0.0,2864.148,9078.103,0.0,0.0,0.0,32339.716,25463.514,16.088,0.0502492,2.902,2016-01-04 06:00:00
390,5.5286,25.14,28.21,0.0,324.61,2156.155,9805.033,10829.571,11001.175,0.0,39400.849,126596.184,521.854,31950.819,138.995,153.519,155.952,0.0,558.543,1794.616,7.398,709.184,0.0,2539.951,8160.945,0.0,9013.69,2274.909,0.0,2849.807,9156.52,0.0,0.0,0.0,32794.196,26593.371,-10.072,-0.0310284,-1.792,2016-01-04 06:30:00
420,5.4586,24.73,27.97,0.0,308.8,2292.613,10387.797,11542.159,11746.976,0.0,42439.255,129696.546,689.176,35305.625,135.007,150.01,152.672,0.0,551.569,1685.624,8.957,691.753,0.0,2499.152,7637.536,0.0,8486.27,2310.108,0.0,2826.15,8636.86,0.0,0.0,0.0,31203.089,25958.15,22.942,0.0742947,4.29,2016-01-04 07:00:00
450,5.5036,25.25,27.78,0.0,321.55,2476.622,11361.002,12260.381,12502.013,0.0,45475.217,144697.5,623.604,36479.13,138.948,149.947,152.902,0.0,556.172,1769.684,7.627,701.409,0.0,2551.328,8118.067,0.0,8760.723,2208.632,0.0,2807.564,8933.382,0.0,0.0,0.0,32494.569,26066.365,28.115,0.087437,5.049,2016-01-04 07:30:00
480,5.4036,24.96,27.57,0.0,324.97,2593.73,11980.502,12963.01,13234.349,0.0,48504.223,155987.28,466.193,39426.477,134.871,145.931,148.986,0.0,546.037,1756.028,5.248,688.169,0.0,2522.157,8111.137,0.0,8776.322,2218.254,0.0,2786.119,8960.026,0.0,0.0,0.0,32838.723,26692.834,33.541,0.10321,5.96,2016-01-04 08:00:00
510,5.4736,25.09,27.5,0.0,337.99,2791.538,12793.539,13705.567,14024.108,0.0,51533.581,172372.962,624.555,41298.823,137.307,147.096,150.515,0.0,553.087,1850.002,6.703,689.804,0.0,2534.782,8478.509,0.0,9082.926,2176.178,0.0,2778.595,9294.029,0.0,0.0,0.0,34152.234,27369.475,23.067,0.068249,3.941,2016-01-04 08:30:00
540,5.3986,24.93,27.23,0.0,307.13,2915.246,13460.04,14387.447,14702.418,0.0,54554.063,165847.608,788.637,44012.263,134.566,143.837,146.986,0.0,545.4,1658.047,7.884,678.653,0.0,2518.175,7655.403,0.0,8182.866,2171.55,0.0,2750.606,8362.006,0.0,0.0,0.0,31027.644,25031.991,30.757,0.100144,5.783,2016-01-04 09:00:00
570,5.3586,25.04,27.11,0.0,340.48,3054.404,14271.153,15109.264,15450.563,0.0,57576.976,194073.087,707.327,45864.724,134.164,142.043,145.252,0.0,541.285,1824.493,6.65,678.662,0.0,2529.055,8524.613,0.0,9025.243,2132.909,0.0,2738.063,9229.112,0.0,0.0,0.0,34392.556,27396.456,18.668,0.0548278,3.166,2016-01-04 09:30:00
600,5.3186,25.44,27.01,0.0,14.98,3191.162,15266.226,15816.27,16203.18,0.0,60604.934,8986.356,733.849,46714.729,135.325,140.201,143.63,0.0,537.223,79.658,6.505,687.115,0.0,2570.024,381.077,0.0,394.807,2052.369,0.0,2727.757,404.465,0.0,0.0,0.0,1512.826,1166.098,3.026,0.202049,11.667,2016-01-04 10:00:00
630,5.3886,25.09,26.93,0.0,332.2,3394.82,15807.866,16579.899,16964.571,0.0,63619.425,209285.307,382.902,50064.144,135.21,141.813,145.104,0.0,544.159,1790.088,3.275,675.671,0.0,2533.856,8335.485,0.0,8742.578,2091.354,0.0,2719.265,8945.415,0.0,0.0,0.0,33546.513,26398.815,18.404,0.0553998,3.199,2016-01-04 10:30:00
660,5.3486,24.39,26.77,0.0,300.3,3530.078,16096.027,17284.601,17666.451,0.0,66625.589,198197.802,805.475,54756.609,130.441,140.073,143.168,0.0,539.93,1606.184,6.528,652.8,0.0,2461.908,7323.685,0.0,7864.486,2172.741,0.0,2702.107,8038.227,0.0,0.0,0.0,30314.613,24914.232,43.389,0.144485,8.343,2016-01-04 11:00:00
690,5.3586,24.22,26.75,0.0,332.7,3697.436,16712.166,18022.186,18458.294,0.0,69631.153,229563.345,803.807,57787.765,129.788,139.962,143.349,0.0,540.762,1782.81,6.242,647.927,0.0,2444.208,8058.182,0.0,8689.841,2187.486,0.0,2699.585,8900.121,0.0,0.0,0.0,33574.376,27863.795,10.696,0.0321476,1.856,2016-01-04 11:30:00
720,5.3836,24.31,26.58,0.0,320.59,3876.195,17499.974,18694.512,19139.954,0.0,72643.146,230823.576,873.448,59860.044,130.851,139.783,143.114,0.0,543.169,1725.92,6.531,646.12,0.0,2452.263,7792.065,0.0,8323.947,2158.67,0.0,2682.073,8522.285,0.0,0.0,0.0,32345.198,26653.375,43.015,0.134176,7.748,2016-01-04 12:00:00
750,5.4036,24.11,26.49,0.0,298.79,4052.703,18085.358,19397.618,19870.103,0.0,75660.286,224088.75,689.638,62688.38,130.301,139.756,143.16,0.0,545.118,1614.516,4.969,638.859,0.0,2432.61,7204.845,0.0,7727.623,2161.787,0.0,2672.671,7915.851,0.0,0.0,0.0,30141.545,24973.797,19.744,0.0660819,3.816,2016-01-04 12:30:00
780,5.3736,23.94,26.44,0.0,305.08,4191.411,18677.084,20134.0,20623.036,0.0,78674.74,237962.166,890.239,65805.552,128.671,138.708,142.077,0.0,542.009,1639.377,6.133,633.1,0.0,2415.212,7305.127,0.0,7874.967,2177.727,0.0,2666.851,8066.243,0.0,0.0,0.0,30771.88,25738.382,-0.996,-0.00326633,-0.189,2016-01-04 13:00:00
810,5.3636,23.67,26.4,0.0,306.83,4344.519,19173.437,20835.006,21380.873,0.0,81695.357,248530.356,1182.768,69292.058,126.961,137.964,141.578,0.0,540.965,1645.702,7.832,624.821,0.0,2387.412,7262.889,0.0,7892.29,2200.427,0.0,2662.274,8099.064,0.0,0.0,0.0,30946.161,26247.797,39.621,0.129132,7.457,2016-01-04 13:30:00
840,5.3436,23.76,26.11,0.0,2.69,4488.627,19961.474,21398.597,21930.947,0.0,84728.79,2262.601,949.915,71610.202,126.984,136.126,139.512,0.0,538.997,14.393,6.043,620.428,0.0,2396.984,64.009,0.0,68.617,2171.709,0.0,2633.479,70.325,0.0,0.0,0.0,271.694,229.628,0.453,0.16835,9.721,2016-01-04 14:00:00
870,5.3536,23.33,26.14,0.0,259.97,4657.635,20298.422,22191.308,22743.035,0.0,87760.642,226176.336,432.76,75346.239,124.908,136.556,139.951,0.0,540.041,1391.791,2.663,609.919,0.0,2353.551,6065.561,0.0,6631.191,2209.052,0.0,2636.997,6796.058,0.0,0.0,0.0,26224.575,22514.911,14.954,0.0575204,3.321,2016-01-04 14:30:00
900,5.3486,22.82,26.08,0.0,203.16,4813.743,20539.098,22909.923,23472.657,0.0,90790.214,182840.94,500.372,79122.603,122.062,136.151,139.495,0.0,539.557,1086.604,2.974,595.194,0.0,2302.159,4636.281,0.0,5171.447,2237.892,0.0,2630.972,5298.472,0.0,0.0,0.0,20494.035,17860.31,11.22,0.0552289,3.189,2016-01-04 15:00:00
930,5.2786,22.69,26.03,0.0,252.96,4909.101,21097.403,23619.387,24211.136,0.0,93836.734,235256.241,647.674,82395.444,119.747,134.062,137.42,0.0,532.61,1335.295,3.676,590.579,0.0,2288.948,5738.578,0.0,6424.567,2250.121,0.0,2626.771,6585.525,0.0,0.0,0.0,25523.965,22411.889,19.091,0.0754707,4.358,2016-01-04 15:30:00
960,5.2786,22.25,25.95,0.0,197.02,5067.459,21358.243,24288.893,24907.546,0.0,96899.183,189140.064,482.307,85629.319,117.439,133.554,136.955,0.0,532.805,1039.995,2.652,577.237,0.0,2245.656,4383.354,0.0,4984.812,2256.772,0.0,2618.838,5111.778,0.0,0.0,0.0,19886.629,17573.714,15.484,0.0785902,4.538,2016-01-04 16:00:00
990,5.1986,21.66,25.84,0.0,184.45,5146.618,21444.796,24947.723,25584.461,0.0,99980.704,182607.381,502.042,89302.962,112.609,131.003,134.347,0.0,525.01,958.892,2.636,559.793,0.0,2187.599,3995.488,0.0,4648.136,2273.141,0.0,2609.889,4766.77,0.0,0.0,0.0,18627.91,16638.486,14.479,0.0784982,4.533,2016-01-04 16:30:00
1020,5.0836,22.19,25.67,24.6961,308.14,5185.276,22632.413,25513.209,26183.839,25190.022,103059.603,314301.066,751.211,92399.359,112.798,127.156,130.498,125.545,513.641,1566.453,3.744,569.592,547.973,2241.914,6837.17,617.722,7707.448,2265.863,633.96,2593.71,7910.043,2495.265,7609.814,2237.161,31133.932,27913.511,25.902,0.0840582,4.854,2016-01-04 17:00:00
1050,4.8736,24.44,25.49,44.0541,309.13,5117.284,25662.809,26122.247,26762.978,46256.826,106110.474,324581.46,527.587,88194.463,119.115,121.247,124.221,214.702,492.515,1506.554,2.449,622.96,1076.717,2469.925,7555.258,1095.993,7690.519,2089.649,1122.876,2575.812,7879.153,4452.003,13618.239,3700.314,31239.449,25964.887,38.877,0.125764,7.262,2016-01-04 17:30:00
1080,4.8036,25.88,25.52,129.9229,149.32,5187.892,27947.441,27047.79,27565.553,140316.732,109159.635,161270.892,731.056,83591.978,124.304,120.303,122.606,624.098,485.518,717.298,3.252,660.482,3362.049,2615.511,3864.119,3253.822,3739.73,1938.424,3316.108,2579.772,3811.318,13131.793,19400.724,10056.03,15092.825,11557.744,15.714,0.105232,6.077,2016-01-04 18:00:00
1110,4.7536,25.86,25.59,380.8951,324.06,5276.5,28709.218,28054.406,28403.39,422793.561,112193.964,359710.596,1585.296,86206.359,122.948,120.144,121.638,1810.624,480.474,1540.47,6.789,661.829,9851.532,2614.237,8381.633,9626.834,8190.461,1962.883,9746.588,2586.388,8292.347,38499.217,123434.237,29581.603,32754.937,25167.877,-18.421,-0.0568444,-3.282,2016-01-04 18:30:00
1140,4.6536,26.52,25.79,489.4716,359.81,5305.108,30237.77,29287.558,29400.041,557997.624,115208.645,410187.048,1855.097,86084.459,123.434,119.555,120.014,2277.807,470.294,1674.428,7.573,684.05,12982.921,2680.558,9543.815,12574.937,9243.903,1939.984,12623.233,2606.293,9279.406,49466.105,176118.343,36961.314,36362.799,27170.46,14.448,0.0401538,2.319,2016-01-04 19:00:00
1170,4.6936,27.34,26.09,551.7027,14.09,5491.516,31987.496,30688.667,30526.868,645492.159,118209.682,16489.968,2447.853,85885.306,128.322,123.111,122.462,2589.474,474.213,66.152,9.82,713.33,15083.408,2762.241,385.326,14470.958,369.68,1925.419,14394.663,2636.11,367.731,55740.684,7775.692,40498.423,1423.971,1034.587,1.42,0.100743,5.817,2016-01-04 19:30:00
1200,4.8586,27.97,26.31,697.9966,23.75,5830.324,33569.52,32057.532,31569.276,837595.92,121209.392,28496.16,3068.736,85025.007,135.917,129.796,127.819,3391.289,490.757,115.376,12.425,735.948,19526.176,2825.654,664.307,18646.707,634.387,1892.842,18362.706,2657.287,624.724,70503.12,16575.186,49455.972,2398.613,1682.56,3.506,0.147623,8.524,2016-01-04 20:00:00
1230,4.8986,28.49,26.55,708.8812,35.04,6025.282,35046.083,33586.651,32657.779,871923.876,124183.276,43099.508,3667.327,80247.08,139.575,133.762,130.063,3472.528,494.573,171.648,14.606,756.512,20197.975,2876.685,998.393,19356.866,956.817,1781.5,18821.533,2680.646,930.355,71570.073,24839.374,46248.493,3537.734,2286.079,9.23,0.263414,15.211,2016-01-04 20:30:00
1260,4.8336,29.02,27.01,847.3074,57.85,6090.34,36566.876,35455.581,34035.889,1067607.324,127139.43,72889.135,3522.069,76199.595,140.278,136.014,130.568,4095.548,487.731,279.617,13.511,783.942,24589.988,2928.377,1678.841,23842.679,1627.82,1701.752,22887.984,2725.689,1562.64,85496.968,49015.479,51241.652,5837.165,3498.44,19.608,0.338962,19.573,2016-01-04 21:00:00
1290,5.0736,29.38,27.4,828.3467,46.88,6544.949,37895.93,37130.767,35347.574,1068567.243,130095.718,60480.347,3767.032,75589.251,149.046,146.036,139.023,4202.703,511.67,237.871,14.816,804.957,24334.084,2962.621,1377.296,23842.75,1349.487,1686.609,22697.71,2763.396,1284.679,83538.263,38836.198,48538.067,4728.222,2747.229,18.047,0.384937,22.228,2016-01-04 21:30:00
1320,5.1786,29.57,28.04,771.1035,52.27,6835.757,39032.202,38938.786,37007.098,1017856.62,133050.957,68996.255,3960.96,77143.204,153.131,152.764,145.186,3993.239,521.983,270.685,15.54,829.011,22801.415,2980.528,1545.613,22746.844,1541.914,1723.98,21618.411,2825.889,1465.422,77724.287,40305.495,45064.693,5268.605,3054.748,22.27,0.426057,24.602,2016-01-04 22:00:00
1350,5.1986,30.01,28.31,936.2339,61.29,7018.115,40508.735,40377.204,38219.985,1263915.765,135989.315,82744.133,4039.419,75518.345,155.992,155.485,147.178,4867.109,523.67,318.633,15.555,849.516,28093.074,3022.637,1839.155,28001.857,1833.183,1673.097,26505.812,2851.857,1735.243,94309.487,57383.601,52372.47,6174.111,3428.642,29.679,0.484227,27.961,2016-01-04 22:30:00
1380,5.2686,30.28,28.65,908.7545,44.08,7270.673,41792.969,41937.193,39533.44,1254081.21,138919.811,60833.284,4267.446,76392.628,159.558,160.109,150.932,4787.867,530.372,232.251,16.292,867.58,27521.412,3048.662,1335.016,27616.386,1339.623,1682.258,26033.472,2883.836,1262.838,91481.162,40059.798,50305.902,4437.591,2440.251,20.875,0.473558,27.345,2016-01-04 23:00:00
1410,5.4386,30.28,29.2,818.9128,57.27,7668.431,42688.37,43555.718,41174.143,1154667.048,141882.68,80744.299,4473.585,74934.349,164.656,168.002,158.815,4453.742,547.265,311.444,17.255,884.089,24792.945,3046.497,1733.737,25296.691,1768.963,1641.678,23913.499,2938.433,1672.238,82403.931,46895.418,43521.062,5762.395,3043.369,23.293,0.406748,23.487,2016-01-04 23:30:00
1440,5.6136,30.17,29.54,450.0328,60.09,8083.589,43446.298,44759.045,42538.925,648047.232,144848.983,86522.789,4616.205,73837.585,169.368,174.486,165.831,2526.306,564.67,337.295,17.996,891.28,13577.958,3034.892,1812.835,13988.221,1867.611,1593.798,13294.383,2971.508,1774.974,45268.607,27040.342,23075.927,6043.952,3080.938,14.065,0.23408,13.517,2016-01-05 00:00:00
1470,5.7136,30.14,29.72,656.0878,63.76,8398.997,44300.288,45350.779,43688.665,964449.066,147844.352,93721.585,4886.618,78662.547,172.187,176.27,169.809,3748.626,574.642,364.278,18.993,895.655,19772.026,3030.935,1921.372,20240.879,1966.934,1650.89,19499.048,2989.089,1894.845,65985.63,41829.652,35108.529,6412.239,3411.717,13.223,0.207404,11.976,2016-01-05 00:30:00
1500,5.7636,30.04,29.57,607.9873,62.11,8645.405,45053.52,45929.865,44349.75,911980.95,150853.177,93159.84,6186.363,78261.094,173.114,176.481,170.41,3504.198,579.639,357.958,23.77,888.05,18261.312,3020.652,1865.413,18616.516,1901.697,1597.565,17976.057,2973.467,1836.274,61144.544,37760.0,31721.167,6245.981,3240.352,11.121,0.179058,10.34,2016-01-05 01:00:00
1530,5.8036,29.92,29.67,481.1797,62.79,8879.513,45770.761,46552.193,45401.281,736204.941,153883.515,96068.838,5755.97,79605.498,173.618,176.582,172.216,2792.576,583.712,364.409,21.834,887.715,14394.746,3008.828,1878.399,14640.503,1910.468,1583.071,14278.546,2984.54,1863.236,48395.832,30213.317,25035.653,6315.268,3266.952,14.2,0.226154,13.059,2016-01-05 01:30:00
1560,5.8036,29.67,29.5,416.9553,60.98,9053.622,46292.08,46891.822,46022.465,650450.268,156933.749,95127.786,5701.744,82658.989,172.219,174.45,171.215,2419.843,583.834,353.9,21.212,875.442,12372.903,2985.203,1809.526,12533.201,1832.97,1592.715,12300.84,2967.816,1798.987,41945.102,25425.663,22093.015,6134.435,3231.084,21.077,0.345644,19.959,2016-01-05 02:00:00
1590,5.7836,29.12,29.41,302.0903,47.32,9195.93,46297.779,47276.774,46767.401,480323.577,160011.024,75239.865,5480.375,90249.975,168.408,171.969,170.116,1747.171,582.038,273.684,19.935,856.464,8796.296,2930.325,1377.888,8982.299,1407.024,1687.721,8885.521,2960.049,1391.865,30401.118,14295.115,17146.945,4762.157,2685.968,6.149,0.129933,7.503,2016-01-05 02:30:00
1620,5.8436,28.46,29.33,179.1193,54.79,9466.638,46102.138,47647.003,47521.615,290173.266,163099.072,88756.155,4576.537,95199.659,166.298,171.87,171.418,1046.702,588.325,320.158,16.508,834.8,5097.397,2865.118,1559.156,5268.208,1611.403,1728.387,5254.345,2953.335,1607.162,18033.452,9813.543,10525.985,5515.945,3219.614,6.052,0.110455,6.378,2016-01-05 03:00:00
1650,5.8436,27.44,29.31,31.9771,49.6,9641.946,45283.656,48072.998,48364.8,52762.182,166189.673,81834.852,3673.187,104891.904,160.376,170.254,171.288,186.861,588.574,289.825,13.009,804.457,877.599,2764.252,1361.169,931.657,1445.013,1852.146,937.312,2952.334,1453.784,3220.764,1585.963,2032.81,4995.448,3152.916,3.038,0.0612568,3.537,2016-01-05 03:30:00
1680,5.8636,26.5,29.02,0.0,29.77,9850.854,44515.044,48187.289,48761.58,0.0,169299.321,50014.81,2606.083,115579.2,155.368,168.185,170.19,0.0,590.895,174.564,9.096,769.07,0.0,2670.198,788.836,0.0,853.911,1973.302,0.0,2924.923,864.088,0.0,0.0,0.0,3000.097,2048.14,2.401,0.0806354,4.656,2016-01-05 04:00:00
1710,5.8436,25.7,28.75,0.0,4.91,9992.562,43953.19,48300.882,49157.729,0.0,172415.734,8393.393,1961.596,127125.374,150.202,165.059,167.987,0.0,589.198,28.683,6.703,738.907,0.0,2591.642,126.164,0.0,138.644,2099.883,0.0,2898.521,141.103,0.0,0.0,0.0,494.905,364.903,0.638,0.130004,7.507,2016-01-05 04:30:00
1740,5.8436,24.96,28.37,0.0,313.36,10167.87,43432.018,48315.659,49359.676,0.0,175510.627,545240.832,1302.333,134539.971,145.862,162.263,165.769,0.0,589.434,1831.133,4.374,708.082,0.0,2517.763,7821.677,0.0,8701.173,2147.043,0.0,2861.391,8889.19,0.0,0.0,0.0,31607.729,24229.319,25.582,0.0816374,4.714,2016-01-05 05:00:00
1770,5.7686,25.06,28.01,0.0,345.29,10210.428,44353.793,48418.403,49582.444,0.0,178580.613,611161.53,1829.663,135654.147,144.553,157.8,161.594,0.0,582.012,1991.835,5.963,701.96,0.0,2528.241,8652.473,0.0,9445.391,2096.51,0.0,2826.283,9672.47,0.0,0.0,0.0,34837.244,26463.212,4.958,0.0143589,0.829,2016-01-05 05:30:00
1800,5.6736,25.01,27.73,0.0,338.84,10212.486,45011.52,48496.176,49919.814,0.0,181678.59,609916.5,2613.177,139404.701,141.876,152.86,157.347,0.0,572.651,1922.458,8.237,693.508,0.0,2523.96,8473.231,0.0,9129.203,2086.603,0.0,2799.186,9397.197,0.0,0.0,0.0,34200.238,26242.354,-11.795,-0.0348101,-2.01,2016-01-05 06:00:00
1830,5.6386,24.57,27.49,0.0,324.66,10318.644,44962.496,48827.291,50306.462,0.0,184744.707,594135.852,2195.059,144419.763,138.539,150.447,155.004,0.0,569.236,1830.654,6.763,675.417,0.0,2480.392,7976.897,0.0,8662.559,2105.654,0.0,2775.196,8924.982,0.0,0.0,0.0,32775.972,25621.834,49.723,0.153153,8.844,2016-01-05 06:30:00
1860,5.6386,24.77,27.31,0.0,341.77,10487.803,46076.534,49186.51,50793.922,0.0,187825.342,635691.456,1358.099,140791.857,139.681,149.109,153.982,0.0,569.394,1927.103,4.117,676.497,0.0,2501.544,8466.429,0.0,9037.878,2001.694,0.0,2757.656,9333.236,0.0,0.0,0.0,34512.361,25870.095,21.713,0.0635309,3.669,2016-01-05 07:00:00
1890,5.5736,24.29,27.09,0.0,357.02,10534.111,45906.172,49522.517,51203.389,0.0,190880.536,674762.508,1238.125,145637.453,135.377,146.042,150.999,0.0,562.906,1989.872,3.651,658.031,0.0,2453.065,8671.584,0.0,9354.704,2019.074,0.0,2736.13,9672.217,0.0,0.0,0.0,36056.949,27510.622,17.701,0.0495808,2.863,2016-01-05 07:30:00
1920,5.4936,24.32,26.85,0.0,20.87,10547.719,46689.197,49852.627,51560.352,0.0,193925.053,40073.798,2103.775,147983.535,133.59,142.641,147.527,0.0,554.868,114.661,6.019,653.025,0.0,2456.11,507.545,0.0,541.934,2001.239,0.0,2712.36,560.498,0.0,0.0,0.0,2108.104,1608.687,0.766,0.0366984,2.119,2016-01-05 08:00:00
1950,5.4536,24.44,26.6,0.0,14.24,10634.527,47653.496,50130.951,51878.424,0.0,196926.88,27769.112,2337.042,149264.473,133.273,140.202,145.089,0.0,550.749,77.662,6.536,650.148,0.0,2467.917,348.007,0.0,366.099,1967.855,0.0,2686.721,378.861,0.0,0.0,0.0,1438.129,1090.057,0.55,0.0386401,2.231,2016-01-05 08:30:00
1980,5.5186,23.38,26.51,0.0,305.22,10926.835,46283.134,50696.613,52492.869,0.0,199952.64,604328.076,2573.83,162145.115,128.999,141.3,146.307,0.0,557.303,1684.367,7.174,619.716,0.0,2360.584,7134.526,0.0,7814.862,2096.778,0.0,2677.3,8091.755,0.0,0.0,0.0,30822.619,24994.604,13.108,0.0429461,2.48,2016-01-05 09:00:00
2010,5.4536,24.0,26.33,0.0,321.83,10961.743,48236.945,51104.531,52919.742,0.0,202969.727,646882.119,2508.802,161281.393,130.878,138.659,143.584,0.0,550.705,1755.144,6.807,631.838,0.0,2423.366,7723.476,0.0,8182.621,2040.1,0.0,2658.624,8473.264,0.0,0.0,0.0,32498.573,25823.63,31.846,0.0989517,5.714,2016-01-05 09:30:00
2040,5.4186,23.7,26.07,0.0,298.46,11053.951,48353.386,51435.622,53180.515,0.0,205971.054,608857.788,2511.409,167581.104,128.435,136.622,141.257,0.0,547.096,1617.235,6.671,617.901,0.0,2393.166,7074.283,0.0,7525.226,2071.232,0.0,2632.076,7780.51,0.0,0.0,0.0,30134.343,24517.748,52.043,0.174371,10.069,2016-01-05 10:00:00
2070,5.3686,23.48,26.04,0.0,314.14,11113.009,48597.224,52145.743,53899.302,0.0,208937.0,650272.491,1299.32,171949.206,126.038,135.241,139.789,0.0,541.884,1686.5,3.37,611.299,0.0,2369.66,7375.07,0.0,7913.59,2092.562,0.0,2628.196,8179.709,0.0,0.0,0.0,31708.087,26094.854,2.043,0.00650446,0.376,2016-01-05 10:30:00
2100,5.3686,22.91,26.01,0.0,264.5,11274.067,48116.67,52836.315,54623.877,0.0,211918.666,555442.23,1513.214,180238.409,123.009,135.075,139.645,0.0,541.765,1419.976,3.868,595.991,0.0,2312.204,6060.324,0.0,6654.767,2159.441,0.0,2624.902,6879.911,0.0,0.0,0.0,26691.287,22701.139,8.743,0.0330564,1.909,2016-01-05 11:00:00
2130,5.3886,23.28,25.83,0.0,312.34,11477.726,49585.271,53161.158,55010.956,0.0,214888.608,665293.572,2575.232,180021.855,125.444,134.49,139.17,0.0,543.638,1683.1,6.515,601.233,0.0,2348.588,7271.212,0.0,7795.582,2109.407,0.0,2605.574,8066.838,0.0,0.0,0.0,31511.387,26398.506,15.983,0.0511704,2.955,2016-01-05 11:30:00
2160,5.3886,23.27,25.71,0.0,296.55,11639.384,50269.486,53719.481,55544.141,0.0,217859.907,640543.032,1902.031,182918.714,125.408,134.015,138.567,0.0,543.5,1597.978,4.745,598.46,0.0,2347.331,6901.528,0.0,7375.18,2106.117,0.0,2593.63,7625.689,0.0,0.0,0.0,29910.118,25113.02,8.379,0.0282557,1.632,2016-01-05 12:00:00
2190,5.3586,22.95,25.58,0.0,269.0,11735.342,50251.718,54290.823,56017.879,0.0,220836.292,589101.24,1963.48,188002.636,122.958,132.842,137.067,0.0,540.353,1441.443,4.804,586.934,0.0,2313.839,6172.38,0.0,6668.5,2128.149,0.0,2579.342,6880.633,0.0,0.0,0.0,27125.15,23092.218,23.803,0.0884875,5.11,2016-01-05 12:30:00
2220,5.4186,23.21,25.43,0.0,291.77,12029.3,51525.534,54771.929,56459.839,0.0,223853.285,647722.296,2225.483,187361.749,125.764,133.688,137.808,0.0,546.384,1580.969,5.432,590.277,0.0,2340.346,6771.82,0.0,7198.482,2082.251,0.0,2564.467,7420.318,0.0,0.0,0.0,29420.251,24624.296,16.796,0.0575656,3.324,2016-01-05 13:00:00
2250,5.4036,22.41,25.38,0.0,302.39,12158.108,50423.805,55390.005,57108.6,0.0,226900.619,680385.825,2539.256,196769.552,121.098,133.025,137.152,0.0,544.925,1634.016,6.098,568.816,0.0,2259.989,6776.818,0.0,7444.262,2152.902,0.0,2559.6,7675.236,0.0,0.0,0.0,30494.808,26445.277,39.232,0.129738,7.492,2016-01-05 13:30:00
2280,5.3536,21.85,25.32,0.0,306.71,12206.216,49810.522,55905.281,57725.154,0.0,229951.007,699301.536,1960.519,204454.079,116.959,131.27,135.543,0.0,539.941,1642.01,4.603,553.116,0.0,2203.366,6700.634,0.0,7520.516,2198.766,0.0,2553.47,7765.329,0.0,0.0,0.0,30933.574,27503.665,12.827,0.0418227,2.415,2016-01-05 14:00:00
2310,5.3786,21.86,25.26,0.0,44.2,12424.574,50498.055,56544.804,58340.344,0.0,232993.409,102101.03,984.122,207503.466,117.58,131.659,135.84,0.0,542.502,237.732,2.291,552.102,0.0,2204.928,966.231,0.0,1081.929,2198.842,0.0,2547.35,1116.285,0.0,0.0,0.0,4458.1,3970.375,-1.815,-0.0410671,-2.371,2016-01-05 14:30:00
2340,5.3936,21.78,25.18,0.0,290.19,12621.032,50957.338,57081.281,58912.308,0.0,236049.378,679045.77,1209.072,209956.837,117.455,131.57,135.79,0.0,544.084,1565.173,2.787,548.253,0.0,2196.736,6319.374,0.0,7078.823,2188.729,0.0,2539.669,7305.894,0.0,0.0,0.0,29273.2,26037.384,42.079,0.145005,8.373,2016-01-05 15:00:00
2370,5.3836,21.49,25.06,0.0,44.53,12759.14,50938.908,57596.949,59396.774,0.0,239123.585,105544.277,975.825,213640.7,115.711,130.835,134.923,0.0,543.184,239.75,2.217,538.661,0.0,2168.58,957.167,0.0,1082.275,2190.72,0.0,2528.649,1116.094,0.0,0.0,0.0,4493.248,4014.412,-0.925,-0.0207635,-1.199,2016-01-05 15:30:00
2400,5.3386,21.07,24.96,0.0,141.51,12812.648,50559.024,58041.072,59898.768,0.0,242234.171,339620.4,1199.006,217702.013,112.464,129.108,133.24,0.0,538.83,755.458,2.667,525.768,0.0,2126.237,2981.055,0.0,3422.21,2193.691,0.0,2519.015,3531.744,0.0,0.0,0.0,14282.581,12836.119,0.981,0.00693409,0.4,2016-01-05 16:00:00
2430,5.1936,20.85,24.95,0.0,200.64,12620.457,50674.685,58659.252,60623.81,0.0,245345.127,487566.135,1437.999,221893.003,108.306,125.372,129.57,0.0,524.373,1042.068,3.073,520.262,0.0,2105.503,4184.196,0.0,4843.48,2204.284,0.0,2518.884,5005.693,0.0,0.0,0.0,20258.087,18321.65,9.362,0.0466578,2.694,2016-01-05 16:30:00
2460,5.0686,21.71,24.8,31.3553,192.7,12468.765,53397.178,59073.161,61011.05,77134.087,248402.453,474035.604,1250.587,225603.603,110.02,121.715,125.708,158.928,511.81,976.707,2.577,538.34,680.604,2191.815,4182.723,752.95,4627.335,2202.247,777.651,2504.345,4779.134,3166.154,6042.089,2875.558,19457.93,17672.044,13.058,0.067762,3.913,2016-01-05 17:00:00
2490,4.9736,23.73,24.59,77.8479,321.04,12384.273,59077.989,59774.293,61220.385,193841.296,251479.045,799390.845,1870.766,215317.688,118.004,119.395,122.284,387.185,502.312,1596.728,3.737,583.342,1847.027,2396.232,7617.039,1868.797,7706.815,2075.848,1914.008,2483.128,7893.262,7862.296,24992.332,6731.74,32423.678,27761.325,21.89,0.0681853,3.937,2016-01-05 17:30:00
2520,4.8286,24.62,24.79,145.5706,25.95,12168.081,62043.988,61360.589,62468.608,366837.912,254579.67,65388.658,2259.251,201162.651,118.883,117.574,119.697,702.903,487.803,125.292,4.329,610.324,3584.04,2487.267,638.853,3544.563,631.816,1943.729,3608.569,2504.289,643.225,14706.078,3777.248,11620.384,2621.35,2071.327,0.593,0.0228667,1.32,2016-01-05 18:00:00
2550,4.8136,25.89,24.84,376.7418,50.52,12274.689,66015.395,62731.607,63351.843,960691.59,257642.335,128823.144,2547.012,186440.345,124.616,118.418,119.588,1813.486,486.348,243.178,4.808,643.168,9753.239,2615.665,1307.852,9268.086,1242.796,1798.647,9359.721,2510.129,1255.084,38064.564,19032.574,27545.048,5104.236,3693.63,1.88,0.0372187,2.149,2016-01-05 18:30:00
2580,4.6986,26.07,25.13,485.9117,42.94,12122.397,67259.62,64793.165,64839.812,1253652.186,260669.789,110786.748,4757.143,188094.175,122.491,117.999,118.084,2283.106,474.722,201.761,8.664,655.174,12667.533,2633.939,1119.445,12203.007,1078.394,1830.902,12211.792,2539.177,1079.171,49093.992,20865.34,35425.256,4338.495,3130.572,4.39,0.102245,5.904,2016-01-05 19:00:00
2610,4.7336,26.4,25.41,495.9412,48.39,12354.705,68902.982,67027.619,66310.782,1294406.532,263645.162,126296.047,5996.261,190947.007,124.965,121.564,120.264,2347.589,478.158,229.056,10.875,670.72,13092.654,2666.716,1277.458,12736.306,1242.689,1878.822,12600.095,2566.392,1229.399,50096.742,23998.243,36282.946,4887.97,3540.149,4.878,0.100805,5.821,2016-01-05 19:30:00
2640,4.7836,26.74,25.68,490.191,31.2,12628.713,70597.375,69142.656,67784.983,1294104.24,266608.678,82366.495,4788.007,190583.459,127.92,125.284,122.824,2344.879,483.087,149.246,8.676,686.616,13108.408,2700.567,834.317,12838.298,817.126,1890.703,12586.208,2592.984,801.081,49503.475,15293.68,35387.233,3150.772,2252.309,11.488,0.368208,21.262,2016-01-05 20:00:00
2670,4.6986,27.1,26.04,546.581,29.74,12545.271,72362.741,71519.288,69534.543,1459371.27,269575.63,79415.546,5717.183,192089.104,127.342,125.858,122.365,2568.167,474.393,139.754,10.061,705.819,14813.52,2736.359,806.117,14640.855,796.721,1927.096,14234.554,2629.412,774.611,55185.362,16257.314,39322.942,3003.057,2139.862,6.444,0.216637,12.509,2016-01-05 20:30:00
2700,4.7486,27.17,26.44,538.9343,8.17,12821.23,73366.236,73922.436,71390.781,1455122.61,272496.738,22070.983,6721.431,197633.535,129.032,130.01,125.558,2559.185,479.251,38.817,11.821,718.474,14644.289,2742.395,222.121,14755.31,223.805,2004.054,14249.978,2668.553,216.141,54391.792,4405.485,39448.7,825.003,598.349,2.023,0.247534,14.294,2016-01-05 21:00:00
2730,4.8236,27.61,26.82,567.9013,12.7,13168.438,75386.575,76154.36,73221.685,1550370.549,275404.854,34673.785,7180.883,195431.394,133.2,134.556,129.374,2739.331,486.609,61.265,12.688,740.642,15682.1,2785.738,350.728,15841.817,354.3,1996.934,15231.755,2705.74,340.656,57290.394,7212.926,40654.118,1281.29,909.223,1.987,0.156427,9.033,2016-01-05 21:30:00
2760,4.7786,27.49,27.22,306.2385,6.61,13188.946,75861.774,78063.371,75128.304,845218.26,278265.976,18256.867,8477.376,197112.167,131.345,135.157,130.075,1463.392,481.784,31.61,14.678,748.184,8417.317,2771.181,181.816,8661.598,187.092,2019.959,8335.934,2744.388,180.058,30875.274,2025.709,21870.773,666.911,472.413,1.544,0.23347,13.481,2016-01-05 22:00:00
2790,4.8236,27.84,27.43,441.2471,15.03,13457.854,77684.09,79645.209,76532.853,1231079.409,281154.515,41921.508,9740.981,196540.814,134.307,137.698,132.317,2128.401,486.085,72.478,16.841,763.786,12285.978,2805.878,418.37,12596.135,428.932,2010.963,12103.907,2764.296,412.17,44465.453,6630.016,31083.536,1514.166,1058.477,4.393,0.292354,16.882,2016-01-05 22:30:00
2820,4.8836,28.07,27.67,738.09,354.97,13771.762,79161.433,81707.216,78021.814,2081413.8,284026.293,1001010.324,8682.636,200180.127,137.09,141.498,135.116,3604.539,491.869,1733.524,15.036,776.661,20719.242,2827.314,9964.465,21385.56,10284.916,2056.758,20420.965,2786.611,9821.015,74339.35,261998.479,52393.954,35751.88,25197.723,124.63,0.351101,20.274,2016-01-05 23:00:00
2850,4.9236,27.8,28.07,497.5267,0.62,14032.27,79242.939,83772.501,80011.014,1417951.095,286957.432,1772.813,9114.776,211063.895,136.899,144.724,138.225,2449.624,495.742,3.063,15.747,780.586,13833.501,2799.551,17.296,14624.23,18.284,2176.836,13967.584,2826.686,17.463,50094.38,309.481,36845.587,62.631,46.067,0.131,0.211176,12.194,2016-01-05 23:30:00
2880,4.9786,27.54,28.48,359.0761,33.34,14338.378,79318.483,84862.397,82033.43,1034139.168,289871.256,96008.947,10609.9,212627.667,137.116,146.7,141.81,1787.698,501.095,165.969,18.341,784.477,9889.365,2772.009,918.124,10580.576,982.295,2175.455,10227.863,2866.89,949.549,36140.917,11970.319,26510.248,3355.304,2461.198,6.761,0.202822,11.712,2016-01-06 00:00:00
2910,4.9136,27.61,28.36,447.4826,31.97,14298.586,80345.798,84959.283,82513.894,1302174.366,292791.575,93045.562,9799.652,213719.272,135.666,143.456,139.327,2198.752,494.385,157.11,16.547,782.896,12355.102,2778.023,882.821,13064.536,933.513,2144.216,12688.499,2852.986,906.644,45023.758,14307.997,32864.486,3217.127,2348.299,6.248,0.195394,11.283,2016-01-06 00:30:00
2940,4.8786,27.95,28.27,604.3809,10.42,14343.094,82176.263,85527.746,83102.187,1776879.846,295804.885,30629.096,7291.941,212858.741,136.362,141.924,137.899,2948.535,490.855,50.826,12.1,790.067,16893.117,2812.27,291.196,17582.087,303.073,2106.221,17083.461,2843.958,294.477,60809.123,6296.476,43757.741,1048.202,754.277,2.245,0.215461,12.442,2016-01-06 01:00:00
2970,4.6936,28.4,28.37,547.2706,3.77,13940.003,84348.505,86550.998,84251.416,1625393.682,298835.55,11193.966,6672.565,210091.49,133.299,136.78,133.146,2568.671,472.261,17.69,10.545,805.641,15542.578,2857.569,107.041,15948.423,109.836,2061.425,15524.688,2854.28,106.917,55065.29,2062.669,38712.759,379.231,266.612,1.094,0.290158,16.755,2016-01-06 01:30:00
3000,4.7136,28.46,28.51,442.4189,355.78,14140.811,85390.32,87512.46,85530.39,1327256.7,301902.282,1067334.3,8810.691,210200.39,134.165,137.5,134.385,2085.387,474.349,1676.997,13.843,811.496,12592.764,2864.392,10126.669,12905.722,10378.339,2043.906,12613.42,2869.091,10143.28,44522.425,157402.956,30998.875,35803.407,24928.232,84.61,0.237817,13.733,2016-01-06 02:00:00
3030,4.5936,28.47,28.63,325.9512,355.73,13918.619,86250.071,88194.755,86741.416,987632.136,305024.738,1077848.871,7550.724,212217.063,130.759,133.707,131.504,1497.291,462.43,1634.063,11.447,814.893,9278.322,2865.558,10125.864,9487.52,10354.172,2038.627,9331.178,2881.883,10183.548,32812.931,115949.219,22829.177,35810.277,24914.542,66.169,0.186012,10.741,2016-01-06 02:30:00
3060,4.7486,27.87,28.64,155.2357,357.18,14530.727,85268.155,88675.281,87624.355,475021.242,308165.172,1092981.51,7204.951,224170.142,132.322,137.609,135.978,737.153,478.22,1696.123,11.181,797.937,4325.706,2806.258,9953.065,4498.552,10350.767,2122.939,4445.238,2883.803,10228.096,15633.411,55447.631,11372.29,35971.083,26166.626,59.954,0.167853,9.693,2016-01-06 03:00:00
3090,4.7086,27.43,28.58,39.7569,36.02,14549.585,84769.175,88700.366,88313.467,122848.697,311281.02,111316.879,7382.745,223040.345,129.173,135.163,134.574,187.199,474.336,169.627,11.25,784.058,1090.665,2763.59,988.285,1141.245,1034.117,2072.01,1136.267,2879.139,1029.606,4005.034,1432.236,2869.703,3629.081,2600.324,5.648,0.156793,9.054,2016-01-06 03:30:00
3120,4.8586,27.02,28.46,0.0,29.45,15158.843,84303.336,88572.058,88792.33,0.0,314429.188,91893.766,5381.978,227992.182,131.281,137.928,138.271,0.0,489.643,143.101,8.381,768.973,0.0,2723.068,795.832,0.0,836.13,2074.472,0.0,2868.066,838.209,0.0,0.0,0.0,2968.245,2152.27,3.785,0.128524,7.421,2016-01-06 04:00:00
3150,4.8036,26.57,28.34,0.0,29.3,15131.351,83683.688,88429.856,89255.691,0.0,317585.334,92294.087,5442.331,236081.664,127.614,134.851,136.111,0.0,484.303,140.744,8.299,752.758,0.0,2678.429,778.383,0.0,822.53,2103.973,0.0,2856.77,830.211,0.0,0.0,0.0,2954.018,2195.912,3.283,0.112032,6.469,2016-01-06 04:30:00
3180,4.6636,26.23,27.98,0.0,4.38,14830.259,83423.866,87985.798,88978.976,0.0,320773.114,13920.65,4506.031,241372.202,122.345,129.035,130.491,0.0,470.427,20.415,6.608,734.046,0.0,2646.269,114.841,0.0,121.121,2100.127,0.0,2822.482,122.488,0.0,0.0,0.0,441.574,332.271,0.224,0.0511742,2.955,2016-01-06 05:00:00
3210,4.6186,26.02,27.72,0.0,0.9,14825.717,83510.269,87906.267,88968.777,0.0,323901.29,2881.731,5038.987,244924.353,120.156,126.481,128.01,0.0,466.035,4.146,7.25,721.053,0.0,2625.08,23.355,0.0,24.585,2089.497,0.0,2796.664,24.882,0.0,0.0,0.0,90.585,68.498,0.101,0.112002,6.467,2016-01-06 05:30:00
3240,4.5186,25.63,27.62,0.0,351.82,14640.275,83054.873,88124.209,89491.295,0.0,326968.531,1139912.352,5510.206,253359.485,115.831,122.901,124.807,0.0,456.0,1589.757,7.685,708.037,0.0,2586.908,9018.754,0.0,9569.223,2126.877,0.0,2787.384,9717.672,0.0,0.0,0.0,35504.827,27511.775,25.159,0.0715092,4.129,2016-01-06 06:00:00
3270,4.5386,25.37,27.42,0.0,337.96,14841.234,82946.918,88173.326,89667.684,0.0,330039.133,1105115.139,3865.993,259425.785,115.126,122.38,124.454,0.0,458.079,1533.847,5.366,695.57,0.0,2560.178,8572.594,0.0,9112.746,2139.217,0.0,2767.616,9267.188,0.0,0.0,0.0,34109.665,26811.75,29.024,0.0858813,4.959,2016-01-06 06:30:00
3300,4.5036,24.64,27.36,0.0,311.0,14861.892,81299.46,88403.502,90272.886,0.0,333069.556,1026314.85,4158.261,272626.497,110.952,120.647,123.198,0.0,454.549,1400.641,5.675,673.934,0.0,2486.536,7661.969,0.0,8331.481,2213.144,0.0,2760.987,8507.659,0.0,0.0,0.0,31389.737,25693.354,25.75,0.0827951,4.781,2016-01-06 07:00:00
3330,4.5286,24.7,27.12,0.0,328.41,15080.25,82241.376,88198.147,90298.678,0.0,336082.778,1093621.284,4880.558,271593.494,111.843,119.944,122.801,0.0,457.053,1487.26,6.637,669.705,0.0,2492.575,8110.896,0.0,8698.371,2160.182,0.0,2736.776,8905.532,0.0,0.0,0.0,33145.513,26785.382,21.364,0.0650531,3.756,2016-01-06 07:30:00
3360,4.5336,24.39,26.97,0.0,300.64,15232.908,81943.949,88387.186,90626.39,0.0,339123.443,1010166.192,3016.661,275917.887,110.566,119.26,122.281,0.0,457.575,1363.004,4.07,657.799,0.0,2461.479,7332.147,0.0,7908.672,2160.183,0.0,2722.287,8109.031,0.0,0.0,0.0,30343.948,24688.467,34.13,0.113524,6.555,2016-01-06 08:00:00
3390,4.4286,24.09,26.72,0.0,300.01,15012.966,81648.862,88305.398,90569.172,0.0,342144.516,1017030.171,4302.785,281375.132,106.664,115.36,118.317,0.0,446.968,1328.62,5.621,643.474,0.0,2430.862,7225.777,0.0,7814.869,2162.089,0.0,2696.439,8015.209,0.0,0.0,0.0,30279.174,24901.193,32.38,0.107931,6.232,2016-01-06 08:30:00
3420,4.3686,23.87,26.59,0.0,310.84,14940.624,81627.021,88600.538,90925.385,0.0,345099.008,1063084.086,3338.076,286180.477,104.268,113.176,116.145,0.0,440.819,1357.951,4.264,634.552,0.0,2408.382,7419.068,0.0,8052.89,2167.825,0.0,2682.728,8264.195,0.0,0.0,0.0,31365.998,26010.902,8.084,0.0260074,1.502,2016-01-06 09:00:00
3450,4.2336,23.55,26.37,0.0,311.31,14605.932,81235.736,88557.015,90971.015,0.0,348081.865,1074007.77,6299.362,293721.623,99.687,108.671,111.633,0.0,427.142,1317.949,7.73,620.886,0.0,2375.693,7330.209,0.0,7990.836,2185.348,0.0,2660.396,8208.66,0.0,0.0,0.0,31408.748,26503.617,15.403,0.0494794,2.857,2016-01-06 09:30:00
3480,4.3036,24.19,26.13,0.0,302.75,14976.54,84185.237,88538.612,90925.405,0.0,351004.487,1053562.692,4303.998,285590.874,104.109,109.493,112.445,0.0,434.076,1302.907,5.323,632.066,0.0,2440.002,7323.823,0.0,7702.551,2087.943,0.0,2635.357,7910.194,0.0,0.0,0.0,30536.17,24845.413,25.91,0.0855816,4.942,2016-01-06 10:00:00
3510,4.3136,24.32,26.12,0.0,309.72,15140.748,85358.918,89291.066,91688.782,0.0,353893.87,1087131.591,4067.427,286937.289,104.902,109.734,112.681,0.0,434.917,1336.027,4.999,635.259,0.0,2451.928,7532.112,0.0,7879.087,2079.605,0.0,2633.753,8090.662,0.0,0.0,0.0,31227.766,25319.485,22.436,0.0724386,4.183,2016-01-06 10:30:00
3540,4.2786,24.48,25.97,0.0,296.48,15146.257,86670.74,89727.884,91938.19,0.0,356865.689,1049529.288,4103.579,288613.508,104.754,108.449,111.121,0.0,431.324,1268.508,4.96,635.861,0.0,2468.146,7258.728,0.0,7514.766,2066.51,0.0,2618.148,7699.881,0.0,0.0,0.0,29887.723,24171.561,17.452,0.0588651,3.399,2016-01-06 11:00:00
3570,4.2586,24.41,25.96,0.0,307.0,15203.215,87131.919,90607.707,92661.992,0.0,359924.604,1095976.791,4797.366,291671.369,103.938,108.085,110.535,0.0,429.349,1307.376,5.723,633.494,0.0,2460.664,7492.767,0.0,7791.661,2073.588,0.0,2616.837,7968.316,0.0,0.0,0.0,30951.127,25081.801,26.119,0.0850784,4.913,2016-01-06 11:30:00
3600,4.1836,24.32,25.88,0.0,319.67,15060.973,87553.152,91092.204,93165.66,0.0,362966.773,1150824.6,5559.523,297569.899,101.747,105.859,108.269,0.0,421.808,1337.387,6.461,629.394,0.0,2452.074,7774.562,0.0,8088.823,2091.535,0.0,2609.262,8272.942,0.0,0.0,0.0,32230.794,26423.67,20.78,0.0650053,3.754,2016-01-06 12:00:00
3630,4.2236,24.56,25.91,0.0,329.15,15331.681,89168.046,91906.881,94047.819,0.0,365991.816,1194823.212,4995.65,295659.494,103.749,106.936,109.427,0.0,425.841,1390.209,5.813,636.421,0.0,2476.666,8085.365,0.0,8333.711,2062.18,0.0,2612.203,8527.842,0.0,0.0,0.0,33186.525,26809.1,27.803,0.0844697,4.878,2016-01-06 12:30:00
3660,4.1586,24.52,25.65,0.0,316.5,15220.489,89747.885,92316.875,93889.797,0.0,368992.064,1158380.484,3550.401,299998.856,101.974,104.893,106.68,0.0,419.26,1316.187,4.034,629.043,0.0,2472.174,7760.921,0.0,7983.074,2067.467,0.0,2586.266,8119.092,0.0,0.0,0.0,31908.478,25942.311,33.045,0.10441,6.029,2016-01-06 13:00:00
3690,4.1486,24.66,25.75,0.0,337.02,15308.347,91009.016,93314.233,95023.33,0.0,372040.298,1243608.228,4348.746,298512.246,102.32,104.912,106.833,0.0,418.279,1398.167,4.889,635.129,0.0,2486.69,8312.186,0.0,8522.73,2045.772,0.0,2596.375,8678.828,0.0,0.0,0.0,33979.802,27264.216,35.919,0.106579,6.154,2016-01-06 13:30:00
3720,4.1186,24.6,25.77,0.0,347.03,15321.205,91509.917,94158.185,95861.647,0.0,375098.253,1290936.72,2876.222,302763.023,101.315,104.247,106.133,0.0,415.291,1429.263,3.184,633.909,0.0,2480.432,8536.645,0.0,8783.693,2060.037,0.0,2598.388,8942.603,0.0,0.0,0.0,34991.625,28243.721,21.787,0.0627833,3.625,2016-01-06 14:00:00
3750,4.1136,24.13,25.74,0.0,314.76,15426.013,90503.025,94976.325,96542.963,0.0,378165.166,1180345.5,2487.378,318110.381,99.278,104.185,105.904,0.0,414.832,1294.793,2.729,621.328,0.0,2433.784,7596.433,0.0,7971.902,2148.477,0.0,2596.209,8103.399,0.0,0.0,0.0,31741.55,26700.811,18.807,0.05975,3.45,2016-01-06 14:30:00
3780,4.1036,23.81,25.75,0.0,313.95,15511.621,89992.69,95767.434,97336.285,0.0,381292.593,1186718.526,2767.653,330822.271,97.697,103.966,105.669,0.0,413.935,1288.313,3.005,613.054,0.0,2401.497,7474.314,0.0,7953.934,2217.323,0.0,2597.464,8084.234,0.0,0.0,0.0,31668.135,27476.339,24.135,0.0768773,4.439,2016-01-06 15:00:00
3810,3.9336,23.83,25.71,0.0,314.37,14987.029,90789.557,96391.438,97962.911,0.0,384450.39,1197755.415,2558.946,333272.706,93.735,99.519,101.141,0.0,396.923,1236.613,2.642,612.7,0.0,2404.508,7491.246,0.0,7953.47,2213.035,0.0,2594.49,8083.136,0.0,0.0,0.0,31721.849,27499.066,27.469,0.0873764,5.045,2016-01-06 15:30:00
3840,4.0286,23.98,25.64,0.0,227.09,15469.838,92064.346,97037.99,98451.264,0.0,387560.174,872014.464,1713.197,332455.139,96.586,101.804,103.287,0.0,406.595,914.844,1.797,614.682,0.0,2419.737,5444.434,0.0,5738.561,2187.824,0.0,2587.605,5822.139,0.0,0.0,0.0,22919.249,19660.488,2.013,0.00886356,0.512,2016-01-06 16:00:00
3870,3.8836,23.77,25.65,0.0,169.95,15029.546,91976.549,97765.372,99283.65,0.0,390736.477,657693.729,2733.782,340475.728,92.3,98.109,99.633,0.0,392.11,660.006,2.743,609.723,0.0,2399.602,4039.047,0.0,4293.256,2222.538,0.0,2590.239,4359.93,0.0,0.0,0.0,17158.753,14951.609,3.622,0.0213122,1.231,2016-01-06 16:30:00
3900,3.8336,23.67,25.72,16.8773,181.25,14951.054,92295.489,98663.643,100290.138,65821.353,393871.405,706882.02,4093.362,347441.98,90.724,96.984,98.583,64.701,387.166,694.848,4.024,608.569,399.409,2390.043,4289.416,426.967,4585.375,2253.773,434.006,2597.069,4660.966,1704.481,3059.036,1503.557,18305.103,16147.304,1.936,0.0106814,0.617,2016-01-06 17:00:00
3930,3.7186,24.09,25.46,58.3698,199.39,14614.112,94683.289,98845.945,100074.778,229393.314,397001.847,783610.56,5628.475,339084.3,89.59,93.529,94.692,217.054,375.647,741.46,5.326,613.498,1406.271,2433.777,4803.84,1468.096,5015.036,2170.108,1486.347,2572.362,5077.382,5896.417,11638.471,5036.204,20142.237,17203.74,7.207,0.0361457,2.087,2016-01-06 17:30:00
3960,3.6386,24.84,25.51,134.4485,183.13,14408.87,98379.706,99939.668,101013.7,532416.06,400122.341,725198.76,4521.318,329719.065,90.395,91.828,92.815,489.205,367.648,666.341,4.154,633.717,3340.152,2510.198,4549.589,3393.116,4621.73,2101.317,3429.581,2577.405,4671.399,13584.81,24621.688,11194.503,18503.739,15247.925,9.904,0.0540806,3.123,2016-01-06 18:00:00
3990,3.4786,25.85,25.44,198.2351,238.73,13879.628,103156.263,101211.298,101510.348,790958.049,403144.272,952521.927,2669.045,310167.919,89.935,88.239,88.5,689.581,351.473,830.438,2.327,657.749,5125.111,2612.223,6171.984,5028.479,6055.614,1971.878,5043.337,2570.544,6073.507,20029.41,47324.13,15410.067,24120.688,18557.782,23.55,0.098647,5.696,2016-01-06 18:30:00
4020,3.4436,26.56,25.63,295.7353,16.95,13843.286,106790.697,103487.141,103022.671,1188855.906,406147.483,68135.623,5184.847,298421.655,91.479,88.649,88.251,1018.395,347.913,58.366,4.441,680.791,7856.164,2683.892,450.252,7613.135,436.323,1911.017,7578.965,2589.193,434.365,29878.644,5012.465,21953.686,1712.403,1258.208,1.466,0.0864815,4.994,2016-01-06 19:00:00
4050,3.3086,27.14,25.84,486.8824,30.13,13399.844,109913.801,106440.602,104671.764,1971873.72,409108.627,122011.07,8637.698,294664.643,89.793,86.955,85.51,1610.901,334.217,99.676,7.056,701.41,13213.604,2741.453,817.601,12796.063,791.765,1912.165,12583.417,2610.707,778.608,49182.17,14667.912,35423.958,3043.181,2191.882,3.644,0.120953,6.984,2016-01-06 19:30:00
4080,3.3736,27.54,26.27,542.5592,15.73,13764.302,112359.406,110179.543,107172.746,2213641.536,412142.448,64162.774,10780.294,294373.108,92.906,91.103,88.617,1830.38,340.786,53.054,8.914,723.392,14941.576,2781.868,433.084,14651.697,424.682,1948.403,14251.853,2653.453,413.092,54806.784,8532.378,39145.794,1588.584,1134.647,1.687,0.107276,6.195,2016-01-06 20:00:00
4110,3.3236,27.1,26.84,220.7573,36.67,13660.011,111365.423,113775.075,110300.193,907312.503,415117.387,150705.151,9370.936,305776.63,90.057,92.006,89.196,733.71,335.69,121.87,7.578,727.182,5981.686,2736.766,993.562,6111.114,1015.06,2059.528,5924.47,2710.588,984.058,22296.884,8094.711,16423.947,3703.526,2728.027,3.977,0.108451,6.262,2016-01-06 20:30:00
4140,3.2086,27.07,27.02,455.9395,77.33,13283.619,112072.781,115133.98,111863.587,1887589.53,418017.517,320135.105,9646.78,304331.963,86.859,89.232,86.697,1462.929,323.974,248.113,7.476,731.456,12342.611,2733.342,2093.306,12679.741,2150.484,2044.327,12319.572,2728.24,2089.399,46036.4,35256.58,33516.175,7807.772,5684.342,13.16,0.17019,9.827,2016-01-06 21:00:00
4170,3.2686,27.49,27.29,483.2049,56.93,13630.077,114649.855,117887.026,113780.243,2014964.433,420863.251,237381.795,12257.552,293403.984,89.867,92.404,89.185,1579.405,329.889,186.069,9.608,750.185,13285.221,2774.868,1565.124,13660.333,1609.316,1989.115,13184.453,2753.821,1553.253,48768.15,27506.966,33998.619,5745.348,4005.358,14.09,0.247513,14.292,2016-01-06 21:30:00
4200,3.1036,27.59,27.56,670.4338,58.07,13035.135,115879.302,120944.418,115743.138,2815821.96,423658.398,243877.452,11939.218,300476.132,85.629,89.372,85.529,2080.761,313.064,180.214,8.823,760.331,18497.476,2783.063,1602.061,19306.006,1672.087,2060.142,18475.741,2779.793,1600.178,67627.359,38929.449,47964.132,5857.184,4154.158,19.175,0.330225,19.069,2016-01-06 22:00:00
4230,3.0436,28.02,27.96,898.8335,66.08,12874.443,118534.541,124992.101,118279.049,3802065.705,426475.627,279513.536,13220.006,294581.443,85.289,89.935,85.105,2735.693,306.861,201.118,9.512,783.56,25187.427,2825.26,1851.685,26559.595,1952.561,2057.819,25133.137,2819.17,1847.693,90621.887,59393.884,62595.666,6662.179,4601.797,24.696,0.373735,21.581,2016-01-06 22:30:00
4260,3.1236,28.34,28.54,436.0941,66.29,13306.551,120731.425,130265.475,121570.006,1857760.866,429349.569,282404.005,14372.541,291400.429,88.525,95.516,89.14,1362.185,314.816,207.07,10.539,808.775,12359.216,2856.355,1878.763,13335.212,2027.127,2091.704,12445.062,2876.195,1891.812,43952.304,28909.559,29830.518,6681.326,4534.63,17.46,0.263375,15.208,2016-01-06 23:00:00
4290,3.1936,27.86,29.39,416.5365,61.9,13700.559,119510.606,132861.6,126065.554,1786941.585,432230.054,265550.828,17971.878,284703.542,88.967,98.906,93.847,1330.252,321.765,197.684,13.379,818.631,11603.853,2806.77,1724.406,12900.165,1917.046,2055.312,12240.304,2960.716,1818.987,41967.271,25783.593,27643.221,6236.602,4107.958,17.072,0.275806,15.926,2016-01-06 23:30:00
4320,3.0986,27.82,29.43,381.3574,59.62,13385.967,120197.045,132048.36,127151.726,1647463.968,435143.695,257550.84,17342.497,287827.034,86.214,94.714,91.202,1181.675,312.115,184.733,12.439,818.933,10610.656,2802.586,1658.782,11656.856,1822.336,2036.559,11224.595,2964.746,1754.76,38413.257,22735.861,25408.558,6005.21,3972.163,12.96,0.217391,12.553,2016-01-07 00:00:00
4350,2.9636,27.95,29.35,609.8694,57.23,12891.675,121591.157,131966.733,127665.845,2652931.89,438104.704,248968.64,16112.848,290182.591,82.839,89.907,86.977,1807.411,298.476,169.619,10.977,820.348,17047.063,2815.149,1599.809,18501.718,1736.323,2023.752,17898.734,2955.794,1679.735,61422.219,34905.369,40683.559,5764.266,3818.014,17.312,0.30248,17.466,2016-01-07 00:30:00
4380,2.9286,28.4,29.4,582.709,43.84,12827.283,124391.65,133448.789,128777.825,2552265.42,441104.99,192010.878,14647.526,292380.902,83.172,89.228,86.105,1706.524,294.936,128.384,9.794,834.995,16548.889,2860.125,1244.999,17753.838,1335.649,2033.834,17132.42,2960.976,1288.898,58683.984,25544.855,38897.941,4414.887,2926.352,11.276,0.257208,14.852,2016-01-07 01:00:00
4410,2.9436,28.2,29.67,314.0607,51.27,12981.292,124357.811,134749.094,130865.956,1385007.687,444179.625,226096.687,17071.661,291072.324,83.007,89.943,87.351,924.47,296.483,150.916,11.395,836.802,8856.213,2840.237,1445.74,9596.235,1566.545,2016.738,9319.695,2988.878,1521.401,31632.509,16101.606,20728.884,5163.874,3383.903,8.408,0.163996,9.47,2016-01-07 01:30:00
4440,2.9436,27.87,29.61,261.3952,57.19,13069.6,123753.767,133855.211,131475.06,1160594.688,447295.825,253944.024,14563.706,291327.772,82.046,88.742,87.165,769.444,296.545,168.358,9.655,825.346,7285.73,2807.937,1594.155,7880.43,1724.278,1978.114,7740.304,2983.131,1693.618,26333.554,14950.394,17151.28,5761.916,3752.787,10.07,0.17606,10.166,2016-01-07 02:00:00
4470,2.8386,28.03,29.36,310.0216,54.47,12688.558,125286.143,132483.648,131242.106,1385796.552,450442.426,243489.751,12930.651,292507.264,79.561,84.132,83.343,880.028,286.046,154.624,8.211,822.927,8689.354,2824.407,1526.753,9188.544,1614.462,1939.474,9102.436,2958.676,1599.333,31240.913,16887.49,20287.152,5489.148,3564.53,6.924,0.127118,7.34,2016-01-07 02:30:00
4500,2.7636,27.45,29.22,135.9145,53.76,12436.216,123523.02,132289.335,131511.15,611615.25,453640.352,241900.47,12918.767,307374.592,75.86,81.243,80.765,375.614,278.596,148.559,7.934,802.205,3730.793,2767.162,1475.569,3995.564,1580.289,2008.019,3972.06,2946.112,1570.993,13701.4,7306.174,9283.703,5419.053,3671.805,7.96,0.148073,8.55,2016-01-07 03:00:00
4530,2.7336,26.65,29.23,31.7436,44.7,12383.224,120702.077,131823.181,132419.057,143798.282,456841.075,202471.204,12119.911,323103.826,72.837,79.548,79.908,86.774,275.678,122.18,7.314,778.877,845.808,2687.098,1190.917,923.739,1300.645,2075.57,927.914,2947.944,1306.524,3201.271,1418.798,2264.12,4507.461,3187.931,5.454,0.122024,7.046,2016-01-07 03:30:00
4560,2.6936,25.96,28.85,0.0,43.4,12282.832,118366.246,129713.35,131575.654,0.0,459903.136,197919.96,8735.022,332880.493,69.919,76.622,77.722,0.0,271.666,116.912,5.16,748.986,0.0,2617.969,1126.647,0.0,1234.652,2076.555,0.0,2910.129,1252.378,0.0,0.0,0.0,4377.501,3168.46,8.499,0.195805,11.307,2016-01-07 04:00:00
4590,2.8236,25.52,28.56,0.0,28.86,12960.34,117121.24,128195.212,131104.813,0.0,462982.826,132450.784,3404.327,333301.301,72.049,78.861,80.651,0.0,284.81,81.479,2.094,728.835,0.0,2573.802,736.317,0.0,805.937,2028.072,0.0,2881.099,824.229,0.0,0.0,0.0,2910.677,2095.396,-0.901,-0.031226,-1.803,2016-01-07 04:30:00
4620,2.7136,24.49,28.27,0.0,295.06,12536.848,113143.43,126825.607,130612.759,0.0,466109.323,1363171.194,4373.091,358975.833,66.456,74.492,76.717,0.0,273.774,800.672,2.569,692.358,0.0,2470.775,7225.964,0.0,8099.783,2132.987,0.0,2852.262,8341.652,0.0,0.0,0.0,29768.314,22926.178,17.33,0.0587345,3.392,2016-01-07 05:00:00
4650,2.6386,24.23,27.74,0.0,309.05,12269.506,112687.217,124893.978,129008.391,0.0,469244.228,1437105.285,5660.966,359846.849,63.943,70.87,73.205,0.0,266.269,815.473,3.212,672.337,0.0,2445.5,7489.578,0.0,8300.881,2078.516,0.0,2799.697,8574.339,0.0,0.0,0.0,31187.576,23916.652,21.755,0.070391,4.065,2016-01-07 05:30:00
4680,2.5936,24.36,27.37,0.0,312.18,12138.065,114006.532,123588.13,128080.462,0.0,472315.343,1461010.824,5731.582,361693.403,63.181,68.491,70.981,0.0,261.752,809.676,3.176,666.685,0.0,2458.499,7604.864,0.0,8244.01,2040.918,0.0,2761.997,8543.673,0.0,0.0,0.0,31506.037,24126.944,40.499,0.129729,7.491,2016-01-07 06:00:00
4710,2.5336,24.3,27.09,0.0,311.94,11933.273,114442.874,123029.439,127606.429,0.0,475375.446,1469247.762,4954.802,368556.716,61.561,66.18,68.642,0.0,255.714,790.338,2.665,658.293,0.0,2452.357,7579.525,0.0,8148.211,2043.956,0.0,2734.434,8451.344,0.0,0.0,0.0,31484.005,24409.425,27.204,0.0872093,5.036,2016-01-07 06:30:00
4740,2.4786,24.96,26.8,0.0,47.69,11748.581,118330.45,122420.217,127010.433,0.0,478418.995,226029.365,5677.814,360763.44,61.876,64.015,66.415,0.0,250.171,118.193,2.969,668.928,0.0,2519.697,1190.432,0.0,1231.576,1965.708,0.0,2704.526,1277.755,0.0,0.0,0.0,4813.008,3629.365,2.945,0.0617536,3.566,2016-01-07 07:00:00
4770,2.4486,24.96,26.6,0.0,30.8,11679.839,119072.556,122421.382,126899.506,0.0,481519.915,146920.913,5086.218,366320.652,61.124,62.843,65.142,0.0,247.181,75.42,2.611,664.102,0.0,2519.934,768.88,0.0,790.504,1970.979,0.0,2685.576,819.42,0.0,0.0,0.0,3109.289,2365.42,1.561,0.0506698,2.926,2016-01-07 07:30:00
4800,2.3786,24.09,26.47,0.0,301.36,11417.297,115637.568,122699.568,127078.608,0.0,484645.136,1446545.76,4975.728,392591.24,57.303,60.803,62.973,0.0,240.162,716.825,2.466,637.806,0.0,2432.43,7260.201,0.0,7703.582,2090.745,0.0,2673.092,7978.517,0.0,0.0,0.0,30428.011,24648.489,33.953,0.112666,6.506,2016-01-07 08:00:00
4830,2.3686,24.13,26.27,0.0,303.2,11440.355,116554.179,122686.685,126882.893,0.0,487706.062,1464456.0,4884.907,396170.998,57.157,60.165,62.223,0.0,239.168,718.161,2.396,633.923,0.0,2436.642,7316.61,0.0,7701.574,2083.463,0.0,2652.571,7964.988,0.0,0.0,0.0,30615.42,24869.368,24.495,0.0807888,4.665,2016-01-07 08:30:00
4860,2.3286,24.63,26.09,0.0,322.42,11317.013,119712.298,122669.705,126782.626,0.0,490692.526,1566983.556,4954.848,383870.468,57.359,58.776,60.746,0.0,235.109,750.799,2.374,642.578,0.0,2486.999,7942.014,0.0,8138.216,1993.653,0.0,2633.884,8411.078,0.0,0.0,0.0,32553.774,25466.93,-1.91,-0.00592277,-0.342,2016-01-07 09:00:00
4890,2.1886,23.99,26.0,0.0,314.83,10702.271,117287.97,123061.691,127151.785,0.0,493708.125,1539496.206,6996.451,405078.803,52.494,55.078,56.909,0.0,220.968,689.028,3.131,623.675,0.0,2421.62,7551.172,0.0,7922.893,2084.705,0.0,2625.276,8186.219,0.0,0.0,0.0,31785.656,26079.57,21.238,0.0674605,3.895,2016-01-07 09:30:00
4920,2.2486,24.21,25.65,0.0,325.7,11063.129,119118.071,122694.566,126175.909,0.0,496670.386,1602421.368,6801.206,404709.33,54.441,56.075,57.667,0.0,226.995,732.36,3.108,620.903,0.0,2444.082,7885.408,0.0,8122.166,2051.343,0.0,2588.895,8352.625,0.0,0.0,0.0,32878.711,26791.05,12.351,0.0379209,2.19,2016-01-07 10:00:00
4950,2.2186,24.56,25.67,0.0,335.68,10982.088,121596.354,123475.325,127050.215,0.0,499638.469,1661614.02,5752.935,399191.456,54.5,55.342,56.944,0.0,223.939,744.74,2.578,630.501,0.0,2479.511,8245.943,0.0,8373.363,2011.643,0.0,2590.722,8615.791,0.0,0.0,0.0,33882.513,27070.794,32.947,0.0981508,5.668,2016-01-07 10:30:00
4980,2.1586,24.28,25.56,0.0,324.09,10749.846,120925.904,124005.934,127282.625,0.0,502436.267,1613959.236,6254.76,410686.036,52.416,53.751,55.171,0.0,217.783,699.578,2.711,620.626,0.0,2449.862,7869.61,0.0,8070.052,2053.495,0.0,2578.644,8283.293,0.0,0.0,0.0,32697.523,26726.606,33.094,0.102115,5.897,2016-01-07 11:00:00
5010,2.1986,24.18,25.54,0.0,326.47,11015.004,121131.68,124285.876,127965.57,0.0,505287.201,1635619.209,7593.587,413226.355,53.158,54.542,56.157,0.0,221.742,717.78,3.332,617.555,0.0,2438.488,7893.407,0.0,8098.946,2046.135,0.0,2576.06,8338.73,0.0,0.0,0.0,32926.461,26927.421,22.943,0.0702751,4.058,2016-01-07 11:30:00
5040,2.1136,23.93,25.54,0.0,313.51,10652.562,120631.442,124941.449,128739.694,0.0,508147.151,1580074.776,6271.418,421009.467,50.589,52.396,53.989,0.0,213.1,662.629,2.63,611.381,0.0,2413.176,7503.728,0.0,7771.827,2070.796,0.0,2575.377,8008.092,0.0,0.0,0.0,31608.658,26188.368,20.364,0.0649541,3.751,2016-01-07 12:00:00
5070,2.1336,23.5,25.49,0.0,300.35,10817.37,119165.027,125169.884,129232.526,0.0,511036.195,1522759.29,6516.613,432009.617,50.148,52.675,54.385,0.0,215.059,640.821,2.742,599.107,0.0,2369.106,7059.341,0.0,7415.069,2103.669,0.0,2569.257,7655.74,0.0,0.0,0.0,30273.804,25592.267,38.995,0.129834,7.497,2016-01-07 12:30:00
5100,1.9786,23.78,25.3,0.0,292.76,10090.878,121298.043,124881.609,129021.993,0.0,514025.722,1493077.53,4343.725,428162.199,47.059,48.449,50.056,0.0,199.422,579.257,1.685,601.696,0.0,2397.167,6962.99,0.0,7168.701,2055.732,0.0,2549.813,7406.376,0.0,0.0,0.0,29507.122,24578.215,40.132,0.137082,7.916,2016-01-07 13:00:00
5130,2.0586,23.18,25.29,0.0,201.24,10560.636,118930.688,125497.447,129730.159,0.0,517065.676,1032354.018,2682.274,439455.304,47.725,50.361,52.059,0.0,207.492,414.27,1.076,586.273,0.0,2336.711,4665.389,0.0,4922.988,2095.631,0.0,2548.895,5089.028,0.0,0.0,0.0,20283.348,17238.864,11.542,0.0573526,3.312,2016-01-07 13:30:00
5160,2.0286,22.42,25.15,0.0,210.97,10467.594,115663.516,125353.738,129750.419,0.0,520037.613,1088582.496,2712.6,455809.425,45.472,49.282,51.01,0.0,204.448,427.966,1.066,563.645,0.0,2259.081,4728.88,0.0,5125.063,2145.958,0.0,2534.219,5304.821,0.0,0.0,0.0,21261.637,18635.68,15.347,0.072747,4.201,2016-01-07 14:00:00
5190,2.0936,22.6,25.04,0.0,254.85,10865.802,117270.282,125154.93,129944.833,0.0,523073.668,1322674.095,3419.455,461334.266,47.306,50.486,52.419,0.0,211.004,533.556,1.379,565.734,0.0,2277.278,5758.457,0.0,6145.626,2143.527,0.0,2523.406,6380.83,0.0,0.0,0.0,25685.084,22653.424,13.925,0.0546386,3.155,2016-01-07 14:30:00
5220,1.9736,22.82,24.74,0.0,275.83,10302.21,119126.821,124761.497,129151.622,0.0,526254.939,1439821.638,3996.173,456027.35,45.04,47.17,48.83,0.0,198.969,544.375,1.511,564.636,0.0,2300.725,6294.732,0.0,6592.472,2088.0,0.0,2494.337,6824.448,0.0,0.0,0.0,27807.624,24096.756,38.717,0.140368,8.105,2016-01-07 15:00:00
5250,1.8736,23.3,24.65,0.0,301.27,9836.419,122347.943,125048.49,129394.545,0.0,529391.761,1581671.7,6044.761,447862.607,43.663,44.627,46.178,0.0,188.928,564.462,2.157,574.373,0.0,2349.932,7020.926,0.0,7175.897,2031.911,0.0,2485.276,7425.295,0.0,0.0,0.0,30379.101,25700.557,65.031,0.215856,12.464,2016-01-07 15:30:00
5280,1.7936,23.17,24.77,0.0,330.94,9470.227,122323.027,126060.475,130762.262,0.0,532650.755,1747370.064,4682.102,450867.431,41.553,42.822,44.42,0.0,180.94,593.577,1.59,573.75,0.0,2337.13,7666.997,0.0,7901.253,2038.731,0.0,2498.372,8195.953,0.0,0.0,0.0,33385.631,28259.594,23.27,0.0703141,4.06,2016-01-07 16:00:00
5310,1.7986,22.46,24.63,0.0,145.93,9550.585,119241.36,126420.533,130780.84,0.0,535864.184,774912.195,3509.929,463625.786,40.389,42.821,44.298,0.0,181.508,262.478,1.189,553.072,0.0,2266.171,3277.105,0.0,3474.41,2078.721,0.0,2485.477,3594.244,0.0,0.0,0.0,14727.132,12741.807,37.535,0.257205,14.852,2016-01-07 16:30:00
5340,1.6086,22.35,24.56,20.0787,141.0,8589.943,119364.166,126830.927,131153.017,107220.044,539091.956,752958.156,2631.784,476097.037,35.957,38.206,39.508,32.299,162.394,226.819,0.793,548.997,448.815,2256.599,3151.826,476.89,3348.987,2117.572,493.142,2479.469,3463.113,2027.012,2831.159,1790.148,14234.794,12571.405,40.478,0.287073,16.577,2016-01-07 17:00:00
5370,1.3736,23.92,24.39,37.0088,351.2,7376.251,128476.928,127457.111,130967.963,198737.417,542350.138,1885941.315,4831.739,457441.843,32.863,32.603,33.501,50.835,138.729,482.409,1.236,583.501,885.434,2416.33,8402.427,878.406,8335.731,2021.861,902.602,2463.181,8565.341,3737.755,12997.483,3152.586,35469.85,29916.824,42.263,0.120338,6.949,2016-01-07 17:30:00
5400,0.9636,24.65,24.5,120.6528,10.17,5203.459,133089.156,130133.088,132280.02,651525.12,545483.229,54907.362,5438.383,443230.363,23.749,23.222,23.605,116.261,97.339,9.798,0.97,603.739,2973.626,2489.64,250.603,2907.578,245.037,1978.016,2955.547,2474.504,249.079,12187.792,1226.801,9903.145,1027.128,834.589,2.241,0.220423,12.728,2016-01-07 18:00:00
5430,-1.3514,25.53,24.72,384.6367,347.59,-7338.083,138618.072,133762.457,134255.393,2088577.281,548469.154,1887414.786,4733.954,427684.877,-34.499,-33.29,-33.413,-519.797,-136.501,-469.732,-1.178,631.178,9819.079,2578.531,8873.349,9475.129,8562.527,1940.253,9510.046,2497.378,8594.081,38851.08,133695.947,30295.267,35109.117,27377.361,9.299,0.0267534,1.545,2016-01-07 18:30:00
5460,-1.7914,26.34,25.0,503.1323,36.53,-9781.025,143803.842,138483.454,136507.535,2747102.358,551441.507,199447.248,6311.826,411150.138,-47.181,-45.436,-44.787,-901.309,-180.925,-65.438,-2.071,658.479,13251.348,2660.018,962.085,12761.08,926.49,1909.911,12579.002,2525.055,913.27,50814.658,18378.819,37886.981,3689.285,2750.7,0.844,0.0231009,1.334,2016-01-07 19:00:00
5490,-1.7264,27.17,25.65,614.256,18.29,-9477.917,149182.57,146237.844,140835.519,3372265.44,554319.338,100404.085,9294.894,396961.554,-46.912,-45.986,-44.287,-1060.449,-174.312,-31.573,-2.923,697.085,16691.492,2743.68,496.964,16362.017,487.154,1926.032,15757.571,2590.166,469.158,62020.761,11233.845,44414.575,1846.574,1322.377,3.991,0.218209,12.6,2016-01-07 19:30:00
5520,-1.7114,27.35,26.47,615.9318,13.47,-9446.908,150955.33,153164.654,146127.317,3399943.536,557170.969,74331.658,11572.365,396627.724,-46.802,-47.486,-45.305,-1054.104,-172.743,-23.045,-3.588,723.939,16843.875,2760.316,368.251,17090.395,373.641,1993.717,16305.156,2672.032,356.473,62170.166,8294.064,44256.454,1359.202,967.562,0.983,0.073,4.215,2016-01-07 20:00:00
5550,-1.1264,27.84,26.76,758.7269,41.7,-6251.5,154491.743,156693.927,148533.596,4210934.295,559978.492,231428.285,9878.273,391049.159,-31.355,-31.802,-30.146,-854.627,-113.65,-46.969,-2.005,744.979,21120.188,2808.605,1160.742,21421.243,1177.288,1989.288,20305.664,2700.288,1115.977,76553.287,31637.994,53459.372,4207.284,2938.068,9.563,0.229341,13.243,2016-01-07 20:30:00
5580,-1.0914,28.36,27.2,605.6504,42.26,-6089.992,158258.119,163058.593,151779.013,3379529.232,562835.741,235818.724,8924.719,378582.359,-30.954,-31.893,-29.687,-661.005,-110.085,-46.124,-1.746,771.453,17177.257,2860.746,1198.604,17698.298,1234.962,1982.603,16474.018,2743.627,1149.533,61089.909,25595.646,41091.139,4262.767,2867.281,7.06,0.167062,9.647,2016-01-07 21:00:00
5610,-1.1264,28.09,27.82,357.092,30.57,-6319.084,157596.793,166254.314,156074.969,2003286.12,565658.668,171517.784,9311.607,388515.264,-31.643,-33.381,-31.337,-402.227,-113.575,-34.438,-1.87,781.547,10031.471,2832.54,858.877,10582.546,906.059,2052.368,9934.603,2805.188,850.583,36005.737,10917.581,24730.07,3082.747,2117.344,7.121,0.232911,13.449,2016-01-07 21:30:00
5640,-0.9564,28.1,28.11,395.5988,348.48,-5394.076,158465.219,167781.596,158512.538,2231177.232,568456.185,1965437.352,9966.658,383277.433,-26.872,-28.451,-26.88,-378.349,-96.395,-333.287,-1.69,789.659,11115.009,2831.866,9791.178,11768.475,10366.814,2021.619,11118.328,2832.712,9794.102,39872.444,137858.982,26883.704,35123.517,23681.775,85.915,0.246541,14.236,2016-01-07 22:00:00
5670,0.7886,28.27,28.26,388.3281,359.49,4471.382,160291.921,166899.285,160258.978,2201820.327,571195.135,2038326.444,9944.908,379726.398,22.294,23.213,22.289,306.237,79.444,283.498,1.383,799.039,10978.105,2847.935,10162.937,11430.632,10581.862,1971.329,10975.849,2847.349,10160.849,39120.127,139601.311,26006.778,36215.303,24075.672,65.624,0.182545,10.541,2016-01-07 22:30:00
5700,1.0086,28.87,28.46,398.6489,20.92,5749.04,164532.723,172485.591,162206.268,2272298.73,573997.87,119265.66,11910.378,375083.137,29.114,30.521,28.702,402.079,101.568,21.104,2.108,821.429,11507.156,2906.785,603.974,12063.367,633.167,1991.272,11344.447,2865.683,595.434,40144.495,8341.25,26232.716,2107.056,1376.871,5.013,0.239566,13.833,2016-01-07 23:00:00
5730,1.0486,28.45,28.71,643.707,78.49,6008.498,163006.066,171741.852,164517.984,3688441.11,576687.352,449745.179,16195.083,388907.756,29.83,31.429,30.107,674.993,105.535,82.304,2.964,816.785,18312.067,2863.09,2232.858,19293.444,2352.52,2034.293,18481.916,2889.645,2253.568,64784.936,50524.279,43689.816,7899.465,5327.26,39.551,0.503906,29.098,2016-01-07 23:30:00
5760,0.9886,28.91,28.88,737.2101,72.59,5694.356,166512.96,178299.821,166348.051,4246330.176,579440.475,418145.702,14343.051,375309.639,28.579,30.602,28.551,728.809,99.451,71.767,2.462,834.874,21311.638,2908.117,2098.605,22820.213,2247.158,2016.952,21290.532,2905.237,2096.527,74161.349,53517.576,48035.079,7302.835,4730.123,32.359,0.445749,25.739,2016-01-08 00:00:00
5790,1.0636,29.13,29.49,674.4656,61.43,6158.264,168691.476,182248.414,170726.372,3905155.824,582342.787,355681.958,13223.196,374720.462,30.988,33.478,31.362,717.364,106.974,65.338,2.429,859.086,19650.535,2930.318,1789.773,21229.756,1933.608,2037.108,19887.576,2965.666,1811.362,67835.955,41432.685,43650.442,6178.505,3975.686,22.805,0.371241,21.437,2016-01-08 00:30:00
5820,1.1386,29.17,29.94,479.8499,59.03,6626.673,169778.421,182117.752,174259.355,2792726.418,585229.771,343536.616,10418.429,362622.935,33.215,35.629,34.091,546.359,114.492,67.208,2.038,873.439,13997.965,2933.344,1721.906,15015.324,1847.053,1949.672,14367.411,3010.763,1767.352,48251.28,28324.057,29897.694,5935.448,3677.751,14.442,0.244676,14.129,2016-01-08 01:00:00
5850,1.1736,29.94,29.71,543.8418,15.04,6865.581,175146.777,183084.759,173786.886,3181474.53,588231.996,87998.859,8516.752,346014.764,35.137,36.73,34.864,638.255,118.009,17.654,1.709,889.421,16282.417,3010.503,450.368,17020.367,470.779,1851.122,16155.995,2987.129,446.871,54684.641,8180.762,32167.058,1512.565,889.733,5.612,0.373085,21.543,2016-01-08 01:30:00
5880,1.1936,29.61,30.08,303.8257,51.4,7018.389,174102.214,183809.623,176881.396,1786495.116,591405.302,302241.349,10277.205,364174.561,35.342,37.312,35.906,362.647,120.052,61.353,2.086,890.701,8996.042,2978.07,1521.961,9497.634,1606.821,1936.08,9139.645,3025.608,1546.256,30558.525,15617.124,18817.277,5169.927,3183.529,21.783,0.423783,24.471,2016-01-08 02:00:00
5910,1.2986,29.07,30.0,147.1666,36.06,7674.747,171821.726,179148.707,177287.116,869754.606,594585.328,213090.605,10250.789,380883.522,37.754,39.364,38.955,191.111,130.648,46.822,2.252,872.128,4278.582,2924.942,1048.256,4461.033,1092.957,1953.579,4414.677,3017.98,1081.6,14805.939,5306.23,9484.49,3627.468,2323.708,7.957,0.220674,12.743,2016-01-08 02:30:00
5940,1.2586,28.52,29.46,102.6241,69.38,7476.105,169437.965,174272.413,175000.36,609587.154,597691.274,412142.326,8179.243,402079.162,35.902,36.926,37.08,129.163,126.642,87.327,1.733,840.382,2927.343,2870.217,1979.179,3010.867,2035.649,1985.945,3023.444,2964.442,2044.152,10326.183,7120.494,6946.635,6981.54,4696.625,18.389,0.265038,15.304,2016-01-08 03:00:00
5970,1.3686,27.93,29.07,32.0896,24.89,8170.563,166758.995,171174.527,173528.915,191575.091,600896.437,148607.21,6381.291,414623.157,38.229,39.241,39.781,43.918,137.754,34.068,1.463,811.919,896.354,2811.514,695.313,920.088,713.724,1991.334,932.743,2925.653,723.541,3229.907,798.786,2228.661,2505.479,1728.8,3.746,0.150478,8.689,2016-01-08 03:30:00
6000,1.3686,26.55,28.62,0.0,311.38,8211.621,159284.7,167906.34,171692.34,0.0,604088.268,1868262.6,5311.007,470118.063,36.333,38.3,39.163,0.0,137.793,426.152,1.211,759.666,0.0,2672.834,8266.268,0.0,8713.698,2192.661,0.0,2881.037,8910.177,0.0,0.0,0.0,31349.876,24397.333,61.897,0.198785,11.479,2016-01-08 04:00:00
6030,1.3136,26.19,28.15,0.0,327.31,7921.029,157934.624,164176.941,169746.188,0.0,607306.712,1973693.169,5212.567,474257.451,34.405,35.765,36.978,0.0,132.299,429.959,1.136,737.297,0.0,2637.854,8572.794,0.0,8911.631,2141.37,0.0,2835.133,9213.933,0.0,0.0,0.0,32965.001,25743.001,66.82,0.204147,11.788,2016-01-08 04:30:00
6060,1.2336,26.14,27.57,0.0,346.78,7475.637,158393.25,161310.292,167046.324,0.0,610544.066,2101488.618,3935.9,469825.646,32.243,32.837,34.005,0.0,124.285,427.789,0.801,720.491,0.0,2633.349,9063.97,0.0,9230.896,2063.733,0.0,2777.21,9559.138,0.0,0.0,0.0,34938.062,26885.525,48.732,0.140526,8.115,2016-01-08 05:00:00
6090,1.0686,25.28,27.36,0.0,289.66,6507.796,153961.777,160117.976,166616.919,0.0,613919.094,1764031.227,5094.211,490932.477,27.015,28.096,29.236,0.0,107.723,309.532,0.894,691.668,0.0,2548.528,7322.925,0.0,7615.734,2119.47,0.0,2758.009,7924.845,0.0,0.0,0.0,29199.998,23350.353,32.21,0.111199,6.421,2016-01-08 05:30:00
6120,0.9886,24.42,26.85,0.0,301.96,6050.254,149428.49,157482.594,164313.371,0.0,617213.527,1848009.276,6202.02,515786.137,24.138,25.439,26.543,0.0,99.703,298.521,1.002,655.546,0.0,2462.442,7372.838,0.0,7770.23,2168.7,0.0,2707.731,8107.262,0.0,0.0,0.0,30453.467,25449.014,25.929,0.0858691,4.958,2016-01-08 06:00:00
6150,0.9286,24.63,26.46,0.0,297.87,5710.912,151489.445,155811.173,162741.792,0.0,620351.538,1831897.425,5086.977,506364.979,22.874,23.526,24.573,0.0,93.668,276.603,0.768,651.825,0.0,2484.677,7337.25,0.0,7546.568,2085.989,0.0,2669.234,7882.247,0.0,0.0,0.0,30046.147,24525.314,6.963,0.0233762,1.35,2016-01-08 06:30:00
6180,0.8986,24.53,26.34,0.0,262.68,5553.37,151581.804,155366.374,162778.357,0.0,623484.448,1623351.894,4147.587,509648.14,22.041,22.591,23.669,0.0,90.658,236.044,0.603,646.051,0.0,2474.547,6442.921,0.0,6603.782,2073.245,0.0,2657.329,6918.826,0.0,0.0,0.0,26500.944,21662.38,24.733,0.0941556,5.437,2016-01-08 07:00:00
6210,0.8986,23.87,26.09,0.0,211.64,5580.328,148225.683,154428.044,162013.684,0.0,626562.967,1314309.24,3948.635,529884.561,21.449,22.346,23.444,0.0,90.665,190.184,0.571,622.719,0.0,2408.269,5051.703,0.0,5263.087,2121.897,0.0,2632.287,5521.614,0.0,0.0,0.0,21353.992,18059.08,17.898,0.0845668,4.883,2016-01-08 07:30:00
6240,0.8436,23.37,25.99,0.0,182.76,5264.086,145840.656,153902.174,162147.336,0.0,629468.332,1140423.648,4556.771,542931.304,19.717,20.806,21.921,0.0,85.1,154.177,0.616,607.322,0.0,2357.672,4271.453,0.0,4507.563,2145.954,0.0,2621.287,4749.051,0.0,0.0,0.0,18436.179,15901.64,7.755,0.0424303,2.45,2016-01-08 08:00:00
6270,0.8486,23.09,25.83,0.0,159.32,5320.744,144791.104,153636.381,161961.122,0.0,632454.866,998927.622,5130.639,556188.82,19.597,20.794,21.92,0.0,85.599,135.198,0.694,596.51,0.0,2329.359,3679.093,0.0,3903.849,2173.608,0.0,2605.585,4115.378,0.0,0.0,0.0,16070.466,14132.572,8.092,0.0507882,2.933,2016-01-08 08:30:00
6300,0.8136,22.87,25.52,0.0,200.93,5125.702,144097.632,152981.073,160772.472,0.0,635477.221,1265830.02,3082.074,560904.085,18.609,19.756,20.763,0.0,82.068,163.474,0.398,583.697,0.0,2307.149,4595.694,0.0,4879.013,2161.948,0.0,2574.131,5127.504,0.0,0.0,0.0,20267.225,17888.869,25.951,0.129156,7.458,2016-01-08 09:00:00
6330,0.8936,22.93,25.35,0.0,326.18,5656.51,145175.132,153321.652,160456.068,0.0,638504.561,2064744.087,4054.69,568589.345,20.494,21.644,22.652,0.0,90.137,291.479,0.572,581.354,0.0,2313.39,7480.852,0.0,7900.641,2175.679,0.0,2556.894,8268.276,0.0,0.0,0.0,32902.039,29299.319,41.738,0.127957,7.389,2016-01-08 09:30:00
6360,0.7536,24.47,25.2,0.0,325.95,4792.918,155600.898,154234.897,160288.154,0.0,641523.019,2073027.372,8899.726,533756.222,18.437,18.275,18.993,0.0,76.015,245.635,1.055,616.594,0.0,2467.801,7974.49,0.0,7904.483,2035.22,0.0,2542.14,8214.71,0.0,0.0,0.0,32877.823,27354.813,36.012,0.110484,6.38,2016-01-08 10:00:00
6390,0.7736,24.55,25.27,0.0,317.53,4943.327,156886.449,155344.542,161469.23,0.0,644328.237,2029016.7,6501.084,526460.159,18.993,18.807,19.548,0.0,78.005,245.642,0.787,620.402,0.0,2475.659,7795.955,0.0,7719.335,2002.902,0.0,2547.975,8023.681,0.0,0.0,0.0,32017.769,26160.703,4.684,0.0147525,0.852,2016-01-08 10:30:00
6420,0.8086,24.12,25.33,0.0,261.84,5191.235,154830.049,156087.919,162617.637,0.0,647192.5,1680993.54,2697.472,540022.647,19.501,19.659,20.482,0.0,81.514,211.722,0.34,610.876,0.0,2431.189,6314.678,0.0,6365.98,2045.084,0.0,2553.472,6632.292,0.0,0.0,0.0,26395.474,22024.597,20.928,0.0799275,4.615,2016-01-08 11:00:00
6450,0.6786,23.68,25.25,0.0,303.75,4376.993,152734.001,156500.285,162887.978,0.0,650138.52,1959189.435,5472.896,565744.549,16.069,16.465,17.137,0.0,68.401,206.126,0.576,598.006,0.0,2386.834,7192.713,0.0,7370.079,2128.218,0.0,2545.514,7670.895,0.0,0.0,0.0,30617.019,26642.648,34.296,0.11291,6.52,2016-01-08 11:30:00
6480,0.6686,24.27,25.13,0.0,325.21,4332.551,157300.574,157554.59,162854.518,0.0,652949.759,2107370.52,6954.978,559760.871,16.23,16.256,16.803,0.0,67.371,217.438,0.718,610.071,0.0,2446.02,7894.438,0.0,7907.186,2100.311,0.0,2532.384,8173.173,0.0,0.0,0.0,32769.563,28092.696,19.518,0.0600172,3.466,2016-01-08 12:00:00
6510,0.5936,24.39,25.14,0.0,340.57,3864.359,158773.692,159101.015,163652.612,0.0,655935.121,2217128.928,5177.087,557111.84,14.478,14.507,14.922,0.0,59.81,202.165,0.472,613.112,0.0,2457.409,8306.298,0.0,8323.422,2091.478,0.0,2532.922,8561.54,0.0,0.0,0.0,34315.462,29145.49,102.347,0.300513,17.353,2016-01-08 12:30:00
6540,0.7086,24.14,25.19,0.0,358.78,4634.267,157905.815,160461.124,164766.536,0.0,658990.267,2346429.702,2424.345,569913.203,17.109,17.386,17.852,0.0,71.401,254.234,0.263,608.291,0.0,2432.885,8662.638,0.0,8802.821,2138.076,0.0,2538.59,9039.014,0.0,0.0,0.0,36151.894,31265.168,37.684,0.105032,6.065,2016-01-08 13:00:00
6570,0.7236,24.21,25.25,0.0,347.31,4754.075,159071.329,161907.598,165892.106,0.0,662061.965,2281844.439,2993.544,575751.436,17.52,17.832,18.271,0.0,72.918,251.317,0.33,611.346,0.0,2439.831,8409.055,0.0,8558.99,2159.591,0.0,2544.448,8769.625,0.0,0.0,0.0,34998.863,30436.193,40.88,0.117704,6.797,2016-01-08 13:30:00
6600,0.6886,24.33,25.27,0.0,12.16,4544.783,160598.592,162727.884,166766.358,0.0,665132.19,80280.618,3322.892,572274.002,16.756,16.978,17.399,0.0,69.396,8.376,0.347,614.84,0.0,2452.234,295.982,0.0,299.906,2137.854,0.0,2546.411,307.349,0.0,0.0,0.0,1225.832,1054.695,1.158,0.0951976,5.497,2016-01-08 14:00:00
6630,0.6986,23.9,25.38,0.0,306.54,4631.741,158473.641,162809.197,168282.196,0.0,668344.805,2032350.918,2503.383,582242.007,16.698,17.155,17.732,0.0,70.424,214.149,0.264,606.692,0.0,2409.52,7327.042,0.0,7527.497,2156.53,0.0,2558.655,7780.541,0.0,0.0,0.0,30900.978,26920.007,18.166,0.0592614,3.422,2016-01-08 14:30:00
6660,0.6736,23.52,25.17,0.0,297.51,4486.2,156644.465,161819.951,167624.541,0.0,671657.976,1981424.592,4130.134,591823.838,15.843,16.367,16.954,0.0,67.933,200.405,0.418,591.976,0.0,2372.0,6997.52,0.0,7228.716,2159.116,0.0,2538.267,7488.015,0.0,0.0,0.0,30003.869,26437.571,11.929,0.0400955,2.315,2016-01-08 15:00:00
6690,0.7236,23.22,25.11,0.0,228.29,4840.908,155334.24,160672.124,167991.386,0.0,674884.366,1527252.741,3320.639,597008.194,16.801,17.379,18.17,0.0,72.997,165.191,0.359,583.045,0.0,2342.31,5300.61,0.0,5482.76,2143.229,0.0,2533.169,5732.521,0.0,0.0,0.0,23029.688,20372.249,14.845,0.0650257,3.755,2016-01-08 15:30:00
6720,0.6786,23.08,24.84,0.0,278.35,4560.216,155073.408,159477.562,166942.272,0.0,678078.436,1870530.816,4807.819,603666.304,15.66,16.104,16.858,0.0,68.474,188.891,0.486,573.278,0.0,2328.513,6423.381,0.0,6605.807,2131.857,0.0,2506.731,6915.007,0.0,0.0,0.0,28087.058,25004.793,58.774,0.21115,12.193,2016-01-08 16:00:00
6750,0.6136,23.36,24.6,0.0,318.45,4141.824,157651.583,158605.425,166079.025,0.0,681345.414,2149536.15,4249.121,591336.025,14.331,14.418,15.097,0.0,61.937,195.402,0.386,574.653,0.0,2357.535,7437.647,0.0,7482.647,2058.471,0.0,2483.56,7835.234,0.0,0.0,0.0,32144.342,27897.902,31.502,0.0989222,5.712,2016-01-08 16:30:00
6780,0.4636,23.25,24.55,21.035,301.09,3143.232,157663.747,159843.992,166442.559,142616.961,684529.649,2041373.928,7393.041,594218.554,10.781,10.93,11.381,9.752,46.807,139.585,0.506,570.87,489.152,2347.82,7001.563,495.916,7098.384,2066.251,516.388,2478.548,7391.415,2123.753,6333.363,1843.563,30398.73,26388.177,28.468,0.0945516,5.46,2016-01-08 17:00:00
6810,0.2886,24.83,24.73,43.4916,344.34,1965.39,169074.798,172783.048,168420.834,296177.456,687742.891,2344949.271,5891.606,554422.631,7.165,7.322,7.138,12.552,29.146,99.377,0.25,614.017,1079.783,2507.326,8549.055,1103.466,8736.558,2065.608,1075.607,2497.628,8515.988,4392.218,14975.841,3540.778,34774.856,28033.684,45.353,0.131711,7.606,2016-01-08 17:30:00
6840,0.0736,25.71,25.33,122.9711,349.82,503.448,175844.362,189850.014,173235.654,841122.324,690874.573,2392796.844,5524.937,526752.225,1.892,2.043,1.864,9.051,7.434,25.748,0.059,651.109,3161.371,2596.662,8993.362,3413.167,9709.665,2137.494,3114.471,2558.14,8859.943,12420.703,43018.254,9470.073,35334.002,26940.15,44.848,0.128201,7.403,2016-01-08 18:00:00
6870,0.0086,26.43,26.31,370.0787,13.82,59.106,181541.88,206825.884,180734.517,2542440.669,693992.429,94971.155,7043.248,506161.503,0.227,0.259,0.226,3.184,0.869,0.119,0.009,695.192,9779.444,2669.427,365.305,11141.464,416.182,2218.097,9735.953,2657.556,363.68,37384.544,5115.983,27266.316,1396.474,1018.515,1.543,0.11162,6.445,2016-01-08 18:30:00
6900,-0.0014,26.91,27.35,488.6216,33.66,-9.636,185655.816,218301.855,188747.016,3371489.04,696973.177,232278.909,13541.595,497669.974,-0.038,-0.044,-0.038,-0.682,-0.141,-0.047,-0.003,736.021,13147.165,2717.856,905.775,15458.986,1065.048,2281.921,13366.068,2763.109,920.856,49355.964,16448.767,35242.362,3400.382,2428.024,6.228,0.185003,10.683,2016-01-08 19:00:00
6930,0.1836,27.4,28.13,564.6275,36.09,1272.373,189893.92,224241.356,194948.8,3912868.575,699791.238,250076.119,17427.557,485898.246,5.031,5.941,5.165,103.668,18.54,6.626,0.462,770.842,15471.765,2767.025,988.819,18270.251,1167.674,2268.791,15883.615,2840.682,1015.141,57016.072,20375.159,39588.963,3643.965,2530.178,5.157,0.142902,8.252,2016-01-08 19:30:00
6960,0.1636,27.68,28.44,534.3693,23.39,1138.681,192655.166,215509.718,197961.679,3719210.328,702740.926,162771.362,15999.182,483836.115,4.529,5.066,4.653,87.425,16.519,3.826,0.376,787.306,14791.524,2794.843,647.352,16546.232,724.146,2152.517,15198.943,2871.825,665.182,53954.479,12497.129,37147.581,2361.32,1625.765,3.662,0.156583,9.042,2016-01-08 20:00:00
6990,0.1586,27.6,28.18,430.7327,5.59,1108.639,192934.835,210270.104,196991.551,3010821.573,705502.964,39049.971,16499.343,498114.471,4.378,4.771,4.47,68.316,16.008,0.886,0.374,777.864,11888.89,2785.833,154.197,12957.112,168.052,2143.642,12138.87,2844.409,157.44,43473.991,2406.309,30694.448,563.852,398.103,1.858,0.332541,19.202,2016-01-08 20:30:00
7020,0.1536,28.36,28.78,697.3801,27.47,1078.297,199108.822,228763.337,202002.746,4895608.302,708241.149,192815.813,15602.575,482133.589,4.357,5.006,4.42,107.12,15.497,4.219,0.341,816.157,19779.848,2861.524,779.039,22725.783,895.066,2238.101,20067.336,2903.115,790.361,70358.018,19154.688,47896.064,2771.083,1886.409,10.89,0.396498,22.895,2016-01-08 21:00:00
7050,0.0486,29.07,29.34,771.0391,45.49,342.655,204962.183,231800.052,206871.675,5435825.655,711023.887,320695.617,22811.375,454180.963,1.413,1.598,1.426,37.475,4.902,2.211,0.157,853.093,22416.15,2932.106,1322.478,25351.334,1495.644,2118.187,22624.986,2959.423,1334.799,77762.726,35073.597,49672.522,4587.742,2930.513,21.008,0.461822,26.667,2016-01-08 21:30:00
7080,0.0586,29.25,29.76,734.4458,63.28,414.913,207058.352,232205.45,210671.206,5199876.264,713625.277,448040.525,18115.915,441793.124,1.714,1.922,1.744,43.041,5.907,3.709,0.15,870.225,21479.257,2947.789,1850.732,24087.898,2075.502,2046.562,21854.037,2999.224,1883.024,74028.12,46477.61,45829.535,6378.536,3948.842,35.444,0.560086,32.342,2016-01-08 22:00:00
7110,0.2186,29.17,30.08,409.8638,53.06,1554.271,207402.397,227535.002,213895.463,2914131.618,716327.893,377243.375,22591.328,441227.149,6.377,6.996,6.576,89.598,22.024,11.599,0.695,877.559,11955.94,2938.911,1547.734,13116.506,1697.972,1985.963,12330.24,3030.918,1596.188,41293.512,21746.611,25435.026,5345.573,3292.643,31.368,0.591192,34.138,2016-01-08 22:30:00
7140,0.1286,29.4,29.75,661.1096,64.86,918.229,209945.06,224619.188,212400.006,4720322.544,719096.429,463083.264,24443.697,445701.82,3.781,4.046,3.826,85.021,12.952,8.341,0.44,874.709,19439.313,2961.395,1907.077,20798.025,2040.373,1963.789,19666.622,2996.024,1929.377,66582.85,42877.982,41268.593,6532.054,4048.62,37.675,0.580881,33.542,2016-01-08 23:00:00
7170,0.1286,28.91,29.7,464.6253,76.39,922.087,207302.553,222637.104,212919.89,3331363.401,721774.942,547740.678,17571.161,463174.035,3.718,3.993,3.819,59.752,12.946,9.824,0.315,858.584,13433.474,2910.504,2208.723,14427.173,2372.107,2005.873,13797.485,2989.37,2268.574,46771.952,35494.306,30014.278,7690.215,4934.929,48.582,0.635941,36.722,2016-01-08 23:30:00
7200,0.1486,29.12,29.51,502.269,77.94,1069.945,209633.544,223016.4,212437.224,3616336.8,724543.591,561196.008,16345.699,461368.124,4.327,4.603,4.385,74.639,14.954,11.583,0.337,859.066,14623.949,2929.951,2269.396,15557.531,2414.273,1984.812,14819.532,2969.136,2299.748,50543.859,39148.8,32184.848,7843.576,4994.559,49.345,0.63309,36.557,2016-01-09 00:00:00
